01-20-2019,SBUX,Me trying to reduce my sugar intake yet consuming it entirely in coffee every morning but I hit gold status with Starbucks so,366,Sun Jan 20 19:17:22 +0000 2019,{'starbucks'}
01-20-2019,SBUX,"Born in the drive thru of a local Starbucks (gray and white), our tiny bean needs a warm brew of patience and understanding to become the robust kitty we all know is waiting to emerge.  Having her own emotional... https://t.co/0EqgDMYQRz",51,Sun Jan 20 19:19:44 +0000 2019,{'starbucks'}
01-20-2019,SBUX,"In the beginning, Starbucks only sold roasted whole coffee beans. #coffee",97184,Sun Jan 20 19:21:18 +0000 2019,{'starbucks'}
01-20-2019,SBUX,Fucking alone in a Starbucks bc I have to wait 1 ptn d‚Äôheure la jpp de ces bus,55,Sun Jan 20 19:21:44 +0000 2019,{'starbucks'}
01-20-2019,SBUX,My name is banned in the Starbucks systemü§£ü§£,338,Sun Jan 20 19:22:01 +0000 2019,{'starbucks'}
01-20-2019,SBUX,"I'm at Starbucks in Signal Hill, Calif https://t.co/pLroCAYtX2",68,Sun Jan 20 19:22:37 +0000 2019,{'starbucks'}
01-20-2019,SBUX,Starbucks is home ‚ù§Ô∏è,166,Sun Jan 20 19:23:32 +0000 2019,{'starbucks'}
01-20-2019,SBUX,Starbucks wi-fi made computers mine cash https://t.co/wl7R1yRoIn #RansomwareProtection,1430,Sun Jan 20 19:24:50 +0000 2019,{'starbucks'}
01-20-2019,SBUX,"So I will get off by Starbucks 
When I get off like 9:30 - ten. 
And blend in with the dark I guess.  

Because that place caters to these vagrants on Jean street it's bringing the neighborhood down.",446,Sun Jan 20 19:25:37 +0000 2019,{'starbucks'}
01-20-2019,SBUX,@Starbucks I take the discontinuation of your gluten free sandwich as a personal offense,308,Sun Jan 20 19:26:34 +0000 2019,{'starbucks'}
01-20-2019,SBUX,Only me and Quiana go to Starbucks then to McDonald‚Äôs....,1551,Sun Jan 20 19:26:34 +0000 2019,{'starbucks'}
01-20-2019,SBUX,im gonna go to starbucks and make myself a fuckin hot chocolatey milk :),568,Sun Jan 20 19:26:48 +0000 2019,{'starbucks'}
01-20-2019,SBUX,Coffee clash brewing in China: startup Luckin takes on Starbucks - https://t.co/AVt1OP4068 https://t.co/cvJPeECXvw,796,Sun Jan 20 19:27:05 +0000 2019,{'starbucks'}
01-20-2019,SBUX,"Me: can I get a large

Starbucks Barista: huh???",45476,Sun Jan 20 19:28:02 +0000 2019,{'starbucks'}
01-20-2019,SBUX,Forgot... Register 007.  Only one in the Starbucks cafe.  Yay!  #ye,53,Sun Jan 20 19:29:02 +0000 2019,{'starbucks'}
01-20-2019,SBUX,Wetherspoon is the British Starbucks,29008,Sun Jan 20 19:30:55 +0000 2019,{'starbucks'}
01-20-2019,SBUX,This is the actual longest I have ever waited on a @Starbucks 20 mins in line and 10 mins for our drinks.,274,Sun Jan 20 19:31:00 +0000 2019,{'starbucks'}
01-20-2019,SBUX,"Don't be shy. Score a job like ""barista - Store# 04785, LANGFORD CENTRE - GOLDSTREAM &amp;"" at Starbucks by asking for referrals. It's a great way to get a meeting with HR. Check out the link in our bio to apply. #Retail #Retail",345,Sun Jan 20 19:32:16 +0000 2019,{'starbucks'}
01-20-2019,SBUX,I just fell in love with the Starbucks barista ‚ÄúMellow Mike‚Äù with the blue hair,4373,Sun Jan 20 19:32:51 +0000 2019,{'starbucks'}
01-20-2019,SBUX,"üòÄüå≤Special Thanks to @Starbucks, @LACitySAN @NoHoWestNC and @LADWP for your support today! We couldn‚Äôt have done it without you #Tu‚ÄôBshvatday #MLKDayOfService  @CityPlants #parkproudla https://t.co/r4bPSyWC65",3350,Sun Jan 20 19:33:18 +0000 2019,{'starbucks'}
01-20-2019,SBUX,This fat kid at Kroger pushing the basket for his mom while sucking on his Starbucks straw.,805,Sun Jan 20 19:33:20 +0000 2019,{'starbucks'}
01-20-2019,SBUX,Lunch with a side of cookie butter ice cream!! üòÇüòÇ‚ù§Ô∏è‚ù§Ô∏è @ Starbucks https://t.co/1vsfxO5tZl,882,Sun Jan 20 19:33:21 +0000 2019,{'starbucks'}
01-20-2019,SBUX,I love having some me time at Starbucks/small cute coffee shops when it‚Äôs sort of empty. Gives me time to write down weekly goals/get my schedule together.,208,Sun Jan 20 19:34:53 +0000 2019,{'starbucks'}
01-20-2019,SBUX,@Starbucks Almond milk shouldn‚Äôt be taxed extra. Some of us know we can‚Äôt drive cow pus,245,Sun Jan 20 19:36:42 +0000 2019,{'starbucks'}
01-20-2019,SBUX,"I just sold my vanity to a friend for $50, starbucks, and an edible. I‚Äôm laughing so hard at myself lmao",335,Sun Jan 20 19:37:46 +0000 2019,{'starbucks'}
01-20-2019,SBUX,Starbucks or McDonald‚Äôs for lunch lol....,733,Sun Jan 20 19:38:41 +0000 2019,{'starbucks'}
01-20-2019,SBUX,Just got choked out. Finna go to Starbucks,2845,Sun Jan 20 19:39:35 +0000 2019,{'starbucks'}
01-20-2019,SBUX,guys i found my new favorite drink at starbucks and a venti is 3 dollars,637,Sun Jan 20 19:40:19 +0000 2019,{'starbucks'}
01-20-2019,SBUX,Just posted a photo @ Starbucks Reserve https://t.co/g1By0caAar,88,Sun Jan 20 19:40:22 +0000 2019,{'starbucks'}
01-20-2019,SBUX,"Starbucks is hiring in #Madera, CA! Read about our latest #BusinessMgmt job opening via the link in our bio: assistant store manager - Madera/Chowchilla, CA",337,Sun Jan 20 19:40:57 +0000 2019,{'starbucks'}
01-20-2019,SBUX,Having a @Starbucks while in Seattle just seems apropos! #travel https://t.co/Kzs5gbPN6a,5598,Sun Jan 20 19:41:32 +0000 2019,{'starbucks'}
01-20-2019,SBUX,Last week I tried to get an oat mocha from Starbucks and a literal act of god cut the university‚Äôs electricity supply. He better not pull that shit again tomorrow...,502,Sun Jan 20 19:42:51 +0000 2019,{'starbucks'}
01-20-2019,SBUX,i‚Äôm really crying at the student union bc starbucks forgot my drink which made me miss the one bus that was running that would take me to my dorm and then on top of that the worker added extra juice to make it up to me which has effectively made this drink no longer safe https://t.co/JRATog7Q0t,278,Sun Jan 20 19:43:05 +0000 2019,{'starbucks'}
01-20-2019,SBUX,This Starbucks hit chocolate üòã is worth me going in this mess,2083,Sun Jan 20 19:44:49 +0000 2019,{'starbucks'}
01-20-2019,SBUX,"#AMagicalTwitterExperience: The Official, Verified #Starbucks #Twitter Account Tweeted To Me, 8 Hours Ago!  üëçüèª  #WootWootTweetTweet! https://t.co/vjke27UAym",2631,Sun Jan 20 19:45:01 +0000 2019,{'starbucks'}
01-20-2019,SBUX,Just got to Starbucks to find it‚Äôs closed,742,Sun Jan 20 19:45:12 +0000 2019,{'starbucks'}
01-20-2019,SBUX,"Howisyour #Sunday started?Mystartedlikethis: 
In #starbucks no #glamour #makeupfree normal #dressed meyoureveryday #nextdoorgirl ur #neighborhood #girl #girlfriend #caughtoffguard while study&amp; #breakfast , guess https://t.co/TDDk6wFwOW #bailing #ÁôΩÁÅµ #Â•ΩËé±Âùû #bailingbeautysecret https://t.co/8GLXiTXmqL",15443,Sun Jan 20 19:45:17 +0000 2019,{'starbucks'}
01-20-2019,SBUX,Apparently there‚Äôs a snow storm and a caution to not drive anywhere unless you absolutely have to... so naturally I go to Starbucks,312,Sun Jan 20 19:45:20 +0000 2019,{'starbucks'}
01-20-2019,SBUX,"wommin‚Äôs march may b dumb neolib shit, pumpkin spice latte of politics, but damn i will never forget riding the metro link in STL two years ago butt-to-butt wth swarms of angry white women from the county wearing their handmade pussy hats lmao ~ historically an intriguing moment",1122,Sun Jan 20 19:45:28 +0000 2019,{'pumpkin spice latte'}
01-20-2019,SBUX,It‚Äôs impossible for me to go to Starbucks without getting a cake pop.,297,Sun Jan 20 19:46:00 +0000 2019,{'starbucks'}
01-20-2019,SBUX,"Lady behind me at Starbucks ""I don't know, it's a little too cold for shorts, don't you think"" -- I said maybe the guy was exercising....she got out of line and left.  ü§∑üèº‚Äç‚ôÄÔ∏èüòÇ",1749,Sun Jan 20 19:46:13 +0000 2019,{'starbucks'}
01-20-2019,SBUX,"Well this days gone to hell, how can you be out of caramel syrup #starbucks ? How? LOL At least I have #pike #didntneedthecaloriesanyway https://t.co/gFJBMmU9fF",79,Sun Jan 20 19:47:11 +0000 2019,{'starbucks'}
01-20-2019,SBUX,"Starbucks gotta stop hoein me bro, wtf... https://t.co/k0r1eHVrIR",2073,Sun Jan 20 19:47:41 +0000 2019,{'starbucks'}
01-20-2019,SBUX,I entered to #WIN $10 Starbucks e-gift card @MandeeBlogsIt //sheblogsit.com/hats-off-giveaway-hop-10-starbucks-gc/,421,Sun Jan 20 19:50:06 +0000 2019,{'starbucks'}
01-20-2019,SBUX,Escape into the Bodies of Art Mysteries with Ritter Ames -- win signed books and a Starbucks Gift Card @FreshFiction #FreshFictionGiveaways https://t.co/Hq8v4RJr8Y,3619,Sun Jan 20 19:50:42 +0000 2019,{'starbucks'}
01-20-2019,SBUX,I have more money pre-loaded on my Starbucks account than in my checking account,102,Sun Jan 20 19:50:46 +0000 2019,{'starbucks'}
01-20-2019,SBUX,‚ÄúSo are you more model or actress?‚Äù Things overheard at Starbucks. #SundayMornings üë±‚Äç‚ôÄÔ∏è,20212,Sun Jan 20 19:51:46 +0000 2019,{'starbucks'}
01-20-2019,SBUX,"To the gentleman I overheard on the phone outside a Starbucks in San Diego an hour ago, patiently telling the other party that height and brain size are not correlated and that ‚Äúthe white race‚Äù does not inherently have higher IQs: I salute you!",820,Sun Jan 20 19:52:02 +0000 2019,{'starbucks'}
01-20-2019,SBUX,"$PG $INTC $SBUX
3 Stocks To Watch In The Coming Week: Procter &amp; Gamble, Intel, Starbucks  https://t.co/wJkboO8qIa",2119,Sun Jan 20 19:52:25 +0000 2019,"{'starbucks', 'sbux'}"
01-20-2019,SBUX,Do you ever just see someone regular Starbucks drink &amp; then all of a sudden understand their tastebuds better? Just me?,274,Sun Jan 20 19:52:25 +0000 2019,{'starbucks'}
01-20-2019,SBUX,I should clean out my wallet more often. I found a Starbucks and Kohl‚Äôs gift card with money still in it! üòäüëçüèª,58,Sun Jan 20 19:53:02 +0000 2019,{'starbucks'}
01-20-2019,SBUX,"To the girl sitting next to me in starbucks who every time you take a sip of your drink you make a squeaking noise with your mouth, fuck you.",262,Sun Jan 20 19:53:25 +0000 2019,{'starbucks'}
01-20-2019,SBUX,"Want to land a job like ""shift supervisor - Store# 04762, FAIRWAY PLAZA - KITCHENER"" at Starbucks? Applicant tracking systems look for specific keywords. Use the right keywords and get your resume in front of the hiring manager. #Retail #Retail",329,Sun Jan 20 19:55:32 +0000 2019,{'starbucks'}
01-20-2019,SBUX,I haven‚Äôt had Starbucks since Thursday. Progress.,1408,Sun Jan 20 19:57:15 +0000 2019,{'starbucks'}
01-20-2019,SBUX,"The guy working at Starbucks just asked ‚Äúis that a Chiefs shirt‚Äù I said ‚Äúyes, it‚Äôs @tkelce‚Äù he said ‚Äúoh do they play today‚Äù üòëüôÉ #ChiefsKingdom #KCvsNE https://t.co/c9i5wCP7RW",277,Sun Jan 20 19:57:41 +0000 2019,{'starbucks'}
01-20-2019,SBUX,I checked in at Starbucks on #Yelp https://t.co/1PClCQx7Nt,98,Sun Jan 20 19:58:14 +0000 2019,{'starbucks'}
01-20-2019,SBUX,DOES ANYONE WONNA GO TO STARBUCKS TO DO HW W ME ???,340,Sun Jan 20 19:58:33 +0000 2019,{'starbucks'}
01-20-2019,SBUX,"There's a trans girl at this Starbucks and the urge to just plop down at her table and be like, ""Hello! I'm one of you! Let's be friends!"" is too real.",139,Sun Jan 20 19:58:36 +0000 2019,{'starbucks'}
01-20-2019,SBUX,"Drop your usual Starbucks drinks here, I want to try something new! üòä",392,Sun Jan 20 19:58:52 +0000 2019,{'starbucks'}
01-20-2019,SBUX,Mhmm A slushy from sonic or a strawberry lemonade from Starbucks ü§î,326,Sun Jan 20 19:59:01 +0000 2019,{'starbucks'}
01-20-2019,SBUX,I want starbucks :(,486,Sun Jan 20 19:59:44 +0000 2019,{'starbucks'}
01-20-2019,SBUX,Some of you think Starbucks is better than Dutch Bros and it shows,476,Sun Jan 20 20:00:06 +0000 2019,{'starbucks'}
01-20-2019,SBUX,"Whenever I'm at Starbucks or at any coffee shop or place that requires my name I will never forget my math TA who did this....~Estler has a nice ring to it tho, don't u think? https://t.co/nKLAYjmAPC",458,Sun Jan 20 20:00:29 +0000 2019,{'starbucks'}
01-20-2019,SBUX,"#sbux Beer Bottle Opener Bottle Popper By The ORIGINAL Bottle popper, Black &amp; Gold,... https://t.co/JvLuagkaVd via @amazon",1434,Sun Jan 20 20:00:50 +0000 2019,{'sbux'}
01-20-2019,SBUX,"Came to Starbucks to work but was full.Sweet 20ish lady at table offered me a seat. So here I sit with a kind, thoughtful student.These are the kids&amp; people I‚Äôll focus on &amp;praise for any chance of making the world a better https://t.co/FFqBhpR4P6, look for people like my new hero https://t.co/CJGNWMUXlV",217,Sun Jan 20 20:00:59 +0000 2019,{'starbucks'}
01-20-2019,SBUX,I want cake pops from Starbucks üò©üò©,808,Sun Jan 20 20:02:12 +0000 2019,{'starbucks'}
01-20-2019,SBUX,$25 Starbucks Giftcard #giveaway #win https://t.co/zqlngkSaFt,162,Sun Jan 20 20:02:23 +0000 2019,{'starbucks'}
01-20-2019,SBUX,"@Baby_TULA and @lennylamb for the win! Instantly fell asleep outside, slept through a @StarbucksCanada and a transfer to bed! Snoring away while I enjoy my #starbucks all snuggled up in bed at the @deltamontreal watching @Netflix_CA! #montrealhotel #Montreal #momlife #boymom https://t.co/8Kmz4wdvAn",99,Sun Jan 20 20:04:12 +0000 2019,{'starbucks'}
01-20-2019,SBUX,"Former CEO of coffee giant #Starbucks, #HowardSchultz, was warned not to make an independent bid for a presidential run in 2020 by the #DemocraticParty chairwoman in Washington state.
READ MORE: https://t.co/RQ26d2w3gj",42481,Sun Jan 20 20:04:28 +0000 2019,{'starbucks'}
01-20-2019,SBUX,I can't believe @Starbucks have discontinued their city mug series...I have more to collect!!! @SBMugs @StarbucksUK https://t.co/SYLvGPcA2r,162,Sun Jan 20 20:04:28 +0000 2019,{'starbucks'}
01-20-2019,SBUX,life hasn‚Äôt been the same ever since they closed the starbucks by school,173,Sun Jan 20 20:05:34 +0000 2019,{'starbucks'}
01-20-2019,SBUX,It‚Äôs time to head to Starbucks with the family #familytime #sundayselfie #10xfamily #mylife https://t.co/eF0HPp0Y9N,848,Sun Jan 20 20:05:42 +0000 2019,{'starbucks'}
01-20-2019,SBUX,Coffee clash brewing in China: startup Luckin takes on¬†Starbucks https://t.co/LnhwEMfDja,9193,Sun Jan 20 20:06:06 +0000 2019,{'starbucks'}
01-20-2019,SBUX,Coffee clash brewing in China: startup Luckin takes on¬†Starbucks https://t.co/IQ4V0JfLuK,23562,Sun Jan 20 20:06:08 +0000 2019,{'starbucks'}
01-20-2019,SBUX,"every family member I have is asking me what I want for my birthday, and the only answers I can think of are money and @Starbucks gift cards",517,Sun Jan 20 20:06:14 +0000 2019,{'starbucks'}
01-20-2019,SBUX,"Sana magka- @TimHortonsPH na sa Pioneer, too pricey ni Starbucks! Sa TH for 240-ish you have a coffee and sandwich na. And yung sandwich hindi tinipid! Malaki and yummy pa! üí™üèªüí™üèªüí™üèª https://t.co/vBRSPUiIMk",611,Sun Jan 20 20:06:16 +0000 2019,{'starbucks'}
01-20-2019,SBUX,@Starbucks flat white is üëåüèΩ,1658,Sun Jan 20 20:06:31 +0000 2019,{'starbucks'}
01-20-2019,SBUX,"When they ask for my name at Starbucks:
Me, internally: ‚Äúwhat if I just said Smarmy.‚Äù
Me: ‚ÄúSam‚Äù",199,Sun Jan 20 20:06:37 +0000 2019,{'starbucks'}
01-20-2019,SBUX,These cups are great for #water too. #water #starbucks üñ§üíö #coffee #water #cups https://t.co/iZSqYkMV7q,1456,Sun Jan 20 20:06:40 +0000 2019,{'starbucks'}
01-20-2019,SBUX,"I just love the Starbucks app. I can order from my phone, walk in the store and grab my coffee and leave with no human interaction. It‚Äôs seriously the best.",184,Sun Jan 20 20:06:42 +0000 2019,{'starbucks'}
01-20-2019,SBUX,Shout out to Sasha at Starbucks with the frapp hookup rn,113,Sun Jan 20 20:07:25 +0000 2019,{'starbucks'}
01-20-2019,SBUX,this boy who works at the starbucks in the mall i work at looks like owen teague and i wanna marry him,291,Sun Jan 20 20:08:59 +0000 2019,{'starbucks'}
01-20-2019,SBUX,I just watched two stories &amp; they both had Starbucks i need sum cofffeeüò≠üò≠üò≠,2217,Sun Jan 20 20:10:51 +0000 2019,{'starbucks'}
01-20-2019,SBUX,I checked in at Starbucks on #Yelp https://t.co/FsMhDGIBPN,108,Sun Jan 20 20:11:45 +0000 2019,{'starbucks'}
01-20-2019,SBUX,"# @BWDR I‚Äôm having a Starbucks Skinny Iced Caramel Macchiato which hadn‚Äôt made it across the USA in 1994, but maybe it‚Äôll make me write? It‚Äôs a grande hope to restart my submission skills; it worked in the 00s.",98,Sun Jan 20 20:13:35 +0000 2019,{'starbucks'}
01-20-2019,SBUX,Starbucks girl compliments my nails &amp; lex goes ‚Äústop don‚Äôt hype her up she‚Äôs already cocky‚Äù üòÇü§™,426,Sun Jan 20 20:13:42 +0000 2019,{'starbucks'}
01-20-2019,SBUX,should i stay in starbucks or brace the cold outside and find a quieter place to do homework,695,Sun Jan 20 20:13:49 +0000 2019,{'starbucks'}
01-20-2019,SBUX,"happy birthday pretty girl !!!! thanks for all the trips to wendy‚Äôs and starbucks ‚ù§Ô∏è‚ù§Ô∏è hope you have a great day, party hard (; can‚Äôt wait to see you all day everyday once season starts ü§© love you bitch ass &lt;3 https://t.co/gHJ4SRf4en",338,Sun Jan 20 20:13:54 +0000 2019,{'starbucks'}
01-20-2019,SBUX,I cried a lot today on my way home from the atown sbux for the last time,974,Sun Jan 20 20:14:20 +0000 2019,{'sbux'}
01-20-2019,SBUX,-9 for the low... drinks iced white mocha @ Starbucks https://t.co/MihAHYVaAx,251,Sun Jan 20 20:14:39 +0000 2019,{'starbucks'}
01-20-2019,SBUX,Book Notes ‚Äì ‚ÄúPour Your Heart Into It‚Äù by Howard Schultz &amp; Dori Jones Yang ‚Äì Chapter¬†7 https://t.co/8K7YERyqG5,4366,Sun Jan 20 20:14:49 +0000 2019,{'howard schultz'}
01-20-2019,SBUX,Jerry took me for coffee &amp; i usually pay but he did &amp; he was so confused bc i made him use my starbucks app so ill get my points lmaooo,1093,Sun Jan 20 20:15:47 +0000 2019,{'starbucks'}
01-20-2019,SBUX,i know whats sebastian starbucks order,313,Sun Jan 20 20:16:54 +0000 2019,{'starbucks'}
01-20-2019,SBUX,"@missydepino I would like permission to reprint an image from your Starbucks arrest video Tweet for the 3rd edition of a college textbook titled Cases in Public Relations Management. If you could help me with please contact me. Many thanks. Professor Patricia Swann, Utica College",82,Sun Jan 20 20:17:01 +0000 2019,{'starbucks'}
01-20-2019,SBUX,Just got my 4th reward for a free drink/sandwich with @Starbucks so I guess the question is whose really living their best life?,82,Sun Jan 20 20:18:02 +0000 2019,{'starbucks'}
01-20-2019,SBUX,"My brothers friend showed up to get him and he threw a starbucks cup out of the window and I seen him, so I walked outside and threw it back into his window ü§∑üèª‚Äç‚ôÄÔ∏è fucker. Stop throwing trash outside.",836,Sun Jan 20 20:20:23 +0000 2019,{'starbucks'}
01-20-2019,SBUX,Shout out to the bloodygums crew for always bringing it. Loved seeing you guys as always. Special shout out to abars for the words of reaffirmation in regards to humility. No matter how‚Ä¶ https://t.co/x9pZtqWaSI,430,Sun Jan 20 20:20:35 +0000 2019,{'sbux'}
01-20-2019,SBUX,@Starbucks do you guys take complaints for licensed stores?,1095,Sun Jan 20 20:21:05 +0000 2019,{'starbucks'}
01-20-2019,SBUX,"I liked a YouTube video https://t.co/W55Bzb7yeb Abandoned in a Starbucks parking lot, this little dog was begging for food. #falkie2013",82,Sun Jan 20 20:22:14 +0000 2019,{'starbucks'}
01-20-2019,SBUX,"some girl studying next to me: did u compete in mr pi a few years ago
me, lookin like a hot mess at starbucks: ..no
persistent girl: r u sure
me: um.. yes",723,Sun Jan 20 20:23:00 +0000 2019,{'starbucks'}
01-20-2019,SBUX,It‚Äôs 20 degrees out but I can‚Äôt resist the salted cold foam cold brew from @starbucks. And it‚Äôs basically all I thought about the last few miles of my run this morning. #drinkallthecoffee‚Ä¶ https://t.co/Kg1HDWdu9C,398,Sun Jan 20 20:23:05 +0000 2019,{'starbucks'}
01-20-2019,SBUX,Enter to win a $25 Starbucks Gift card. Open to US &amp; CAN! #Win #Starbucks https://t.co/WJSrFk4xzZ via @conservamome,1685,Sun Jan 20 20:23:36 +0000 2019,{'starbucks'}
01-20-2019,SBUX,"If you want to achieve widespread impact and lasting value, be bold. - Howard Schultz",7319,Sun Jan 20 20:24:17 +0000 2019,{'howard schultz'}
01-20-2019,SBUX,craving Starbucks but I don‚Äôt want to leave my room,623,Sun Jan 20 20:25:56 +0000 2019,{'starbucks'}
01-20-2019,SBUX,i need Starbucks recommendations and yes im that basic bitch,267,Sun Jan 20 20:26:49 +0000 2019,{'starbucks'}
01-20-2019,SBUX,Bring me Starbucks I‚Äôll Venmo you,168,Sun Jan 20 20:26:59 +0000 2019,{'starbucks'}
01-20-2019,SBUX,"Props to the Starbucks barista that took my  ""tall Iced Green Tea Latte, but no ice, but still cold"" order. You understood me at a spiritual level. Thank you. https://t.co/sr3si9JwIt",12391,Sun Jan 20 20:27:49 +0000 2019,{'starbucks'}
01-20-2019,SBUX,I‚Äôve only recently discovered the bacon and gruyere sous vide egg bites  from @Starbucks and I‚Äôm obsessed.,157,Sun Jan 20 20:27:58 +0000 2019,{'starbucks'}
01-20-2019,SBUX,If someone wanted to bring me Starbucks at work I would not be upset at all,886,Sun Jan 20 20:28:18 +0000 2019,{'starbucks'}
01-20-2019,SBUX,Fiiiinally had the grilled cheese sandwich from Starbucks. Twas delicious üòå,218,Sun Jan 20 20:28:32 +0000 2019,{'starbucks'}
01-20-2019,SBUX,The new Starbucks finally opens tomorrow and it‚Äôs so close to my place I can literally walk there whenever I‚Äôm so happy!,2483,Sun Jan 20 20:29:10 +0000 2019,{'starbucks'}
01-20-2019,SBUX,Tomorrow makes 21 days since I‚Äôve been on my healthy eating! I have not had 1 cheat meal (well I did have Starbucks twiceü•¥) but I promised myself if I could go 21 days eating healthy I would start working outüò© let‚Äôs get itüôÉ,1876,Sun Jan 20 20:29:13 +0000 2019,{'starbucks'}
01-20-2019,SBUX,in at the mall hewwo im getting starbucks,1576,Sun Jan 20 20:29:21 +0000 2019,{'starbucks'}
01-20-2019,SBUX,omg starbucks blender down i cant have a frap im ab to put this airport on bl *signal drops*,399,Sun Jan 20 20:29:32 +0000 2019,{'starbucks'}
01-20-2019,SBUX,Starbucks is my new addictionüò©,794,Sun Jan 20 20:31:10 +0000 2019,{'starbucks'}
01-20-2019,SBUX,@Justin_5591 Finally trying one of your favs...running on fumes right now need a boost @Starbucks https://t.co/vilKt3JXen,55,Sun Jan 20 20:31:30 +0000 2019,{'starbucks'}
01-20-2019,SBUX,Disappointed... this Starbucks didn‚Äôt have blueberry scones ü•∫,1180,Sun Jan 20 20:31:33 +0000 2019,{'starbucks'}
01-20-2019,SBUX,Some Starbucks sounds good right now! Sucks that my family might be the laziest family to even go out,110,Sun Jan 20 20:32:15 +0000 2019,{'starbucks'}
01-20-2019,SBUX,"Once a seedy little club, it‚Äôs now across the street from a Starbucks and charges a 90‚Ç¨ cover. https://t.co/FA4XLGM1G0",546,Sun Jan 20 20:35:37 +0000 2019,{'starbucks'}
01-20-2019,SBUX,Could go for a Starbucks but I don't wanna leave my home.,1308,Sun Jan 20 20:35:55 +0000 2019,{'starbucks'}
01-20-2019,SBUX,We‚Äôre at Starbucks and jovannie won‚Äôt stand next to me cause he is embarrassed by my outfit üíÄüíÄüíÄ,685,Sun Jan 20 20:36:02 +0000 2019,{'starbucks'}
01-20-2019,SBUX,i just ordered my coffee ‚Äúto go‚Äù at a starbucks drive thru,256,Sun Jan 20 20:36:40 +0000 2019,{'starbucks'}
01-20-2019,SBUX,"When you spoil your child on Sunday and buy her Starbucks.
.
.
.
.
.
#dogsofinstagram #pitbullsofinstagram #dontbullymybreed #pitbull https://t.co/VR1UltElcA",714,Sun Jan 20 20:37:53 +0000 2019,{'starbucks'}
01-20-2019,SBUX,"[AT STARBUCKS], ""money for high school lunch?""",275,Sun Jan 20 20:38:38 +0000 2019,{'starbucks'}
01-20-2019,SBUX,*arrives 15 minutes late with starbucks*,88,Sun Jan 20 20:40:16 +0000 2019,{'starbucks'}
01-20-2019,SBUX,I liked a @YouTube video https://t.co/Foyncvku5A Sneaky Ways Starbucks Gets You To Spend More Money,395,Sun Jan 20 20:40:43 +0000 2019,{'starbucks'}
01-20-2019,SBUX,"C‚Äômon, ‚Å¶@Starbucks‚Å©!  Let‚Äôs put some of those billions of net profits to good use.

https://t.co/yWDROU1xKR",164,Sun Jan 20 20:41:49 +0000 2019,{'starbucks'}
01-20-2019,SBUX,Alex got me addicted to wanting Starbucks ü•µ,1191,Sun Jan 20 20:42:50 +0000 2019,{'starbucks'}
01-20-2019,SBUX,Afternoon Starbucks and Football üôãüèº‚Äç‚ôÇÔ∏èüëçüèª‚òïÔ∏èüòÅ‚úåüèª https://t.co/5iJlFlOXhH,2172,Sun Jan 20 20:45:50 +0000 2019,{'starbucks'}
01-20-2019,SBUX,I liked a @YouTube video https://t.co/IkotfvSjGm $1 STARBUCKS ICED COFFEE HACK | DIY KETO FRIENDLY,96,Sun Jan 20 20:45:55 +0000 2019,{'starbucks'}
01-20-2019,SBUX,"I need someone to slap me every time I get Starbucks or sour patch kids, this is getting out of hand",267,Sun Jan 20 20:48:07 +0000 2019,{'starbucks'}
01-20-2019,SBUX,Pretty sure I just heard the phrase ‚Äú7 shot macchiato‚Äù in this Starbucks and I am Concerned,104,Sun Jan 20 20:50:59 +0000 2019,{'starbucks'}
01-20-2019,SBUX,why am I willing to spend $3 on a cup of tea at starbucks but spend 10 minutes contemplating whether or not I need a 16 pack of few bags for $3.49,345,Sun Jan 20 20:51:19 +0000 2019,{'starbucks'}
01-20-2019,SBUX,Just trying to muster up the energy to drive to Starbucks,166,Sun Jan 20 20:51:34 +0000 2019,{'starbucks'}
01-20-2019,SBUX,"Democrat Leader Warns Ex-Starbucks CEO Not to Make Independent 2020 Bid-
https://t.co/cxxhB7StNl
Via - @NeonNettle
#NeonNettle",11233,Sun Jan 20 20:53:40 +0000 2019,{'starbucks'}
01-20-2019,SBUX,"Cinnamon shortbread Frappuccino at Starbucks is actually extremely good. I have hated previous post Christmas winter flavors (smoked butter scotch, caramel flan) but cinnamon shortbread is hella good!",54,Sun Jan 20 20:54:46 +0000 2019,{'starbucks'}
01-20-2019,SBUX,@Starbucks #BeldenVillageMall get your head out of your ass. Service your orders not your friends and gossip.,800,Sun Jan 20 20:55:01 +0000 2019,{'starbucks'}
01-20-2019,SBUX,"When Starbucks employees hang out together, do they do shots of espresso? Serious answers only, please.",179,Sun Jan 20 20:55:58 +0000 2019,{'starbucks'}
01-20-2019,SBUX,my parents have more $$ on their starbucks card than i have in my checkings.... i'm truly trash,697,Sun Jan 20 20:57:02 +0000 2019,{'starbucks'}
01-20-2019,SBUX,dont slide up on my stories of starbucks asking to buy you one bc y‚Äôall won‚Äôt even give me the homework when i ask for it,749,Sun Jan 20 20:57:36 +0000 2019,{'starbucks'}
01-20-2019,SBUX,Albany @Starbucks is playing Christmas music. So that's how JANUARY 20TH 2019 IS GOING.,244,Sun Jan 20 20:57:48 +0000 2019,{'starbucks'}
01-20-2019,SBUX,Loving me some Sunday Robyn! @ Starbucks https://t.co/rp7iwh2Dnn,137,Sun Jan 20 20:58:17 +0000 2019,{'starbucks'}
01-20-2019,SBUX,im at a starbucks reading and they‚Äôre playing the most annoying music,575,Sun Jan 20 20:58:22 +0000 2019,{'starbucks'}
01-20-2019,SBUX,Once you see a Starbucks and bike lanes they gentrifying that shit up,405,Sun Jan 20 20:59:19 +0000 2019,{'starbucks'}
01-20-2019,SBUX,"I ordered my latte in a ‚Äúfor here‚Äù cup at @starbucks . The girl working the drinks when I asked her if she could put it in one, ‚ÄúWell I already put it in that one. Just keep it like that I am busy.‚Äù Lmao. What?!?!? Rude üòÇ",57,Sun Jan 20 20:59:26 +0000 2019,{'starbucks'}
01-20-2019,SBUX,Dunkin for the coffee &amp; Starbucks for the teas and snacks,1009,Sun Jan 20 20:59:55 +0000 2019,{'starbucks'}
01-20-2019,SBUX,wearing head to toe @OutdoorVoices and the barista at starbucks just asked if i was a brand rep for them and i cried like this https://t.co/72UowFl28P,392,Sun Jan 20 21:03:24 +0000 2019,{'starbucks'}
01-20-2019,SBUX,#AwfullyBritishMoneySaving save money on starbucks coffee by making your own at home or in the office,998,Sun Jan 20 21:04:23 +0000 2019,{'starbucks'}
01-20-2019,SBUX,"I'm at Starbucks in New York, NY https://t.co/yeSh80aDqn",46963,Sun Jan 20 21:04:23 +0000 2019,{'starbucks'}
01-20-2019,SBUX,I checked in at Starbucks on #Yelp https://t.co/TWnRFRXWjF,93,Sun Jan 20 21:06:38 +0000 2019,{'starbucks'}
01-20-2019,SBUX,"I brought outback cheese fries to my favorite Starbucks barista today and she gave us her partner discount, is this what a healthy relationship is like???",419,Sun Jan 20 21:06:48 +0000 2019,{'starbucks'}
01-20-2019,SBUX,Because sometimes you just need a Starbucks and filter! #SundayMotivation #coffeetime,249,Sun Jan 20 21:07:06 +0000 2019,{'starbucks'}
01-20-2019,SBUX,Because sometimes you just need a Starbucks and filter! #SundayMotivation #coffeetime https://t.co/3FOJf3I2nl,249,Sun Jan 20 21:08:04 +0000 2019,{'starbucks'}
01-20-2019,SBUX,Because sometimes you just need a Starbucks and a filter! #SundayMotivation #coffeetime https://t.co/3iOwUI1UTb,249,Sun Jan 20 21:08:45 +0000 2019,{'starbucks'}
01-20-2019,SBUX,"Starbucks is hiring in #CoralGables, FL! Read about our latest #Art job opening via the link in our bio: store design administrator, Store Development &amp; Design - Coral Gables, FL",234,Sun Jan 20 21:09:16 +0000 2019,{'starbucks'}
01-20-2019,SBUX,you know you‚Äôre a freeze babe when you debate calling asking Starbucks and asking what their thermostat is set at before going there to study because you don‚Äôt want to be too cold,182,Sun Jan 20 21:09:47 +0000 2019,{'starbucks'}
01-20-2019,SBUX,"My Starbucks order was over $14 before my discount. After, it was only $6. I seriously love working at Starbucks.üò≠üôåüèª",231,Sun Jan 20 21:10:37 +0000 2019,{'starbucks'}
01-20-2019,SBUX,I entered to #WIN $10 Starbucks e-gift card @RaisingMy5Sons //  https://t.co/HVXnffGPAS,1246,Sun Jan 20 21:11:55 +0000 2019,{'starbucks'}
01-20-2019,SBUX,Am I right? #pennstate #psu #statecollege @ Starbucks https://t.co/u09Y8I9hg6,318,Sun Jan 20 21:12:28 +0000 2019,{'starbucks'}
01-20-2019,SBUX,I‚Äôm back to being Obsessed with these Starbucks frappuccinos üò©ü§§ü§§ü§§ü§§ü§§,1164,Sun Jan 20 21:13:25 +0000 2019,{'starbucks'}
01-20-2019,SBUX,#TakeCareMamaBear $50.00 Gift Card Giveaway To Either Starbucks or Dunkin Donuts (Your Choice) #giveaway #win https://t.co/98tdwFbCyt,933,Sun Jan 20 21:13:40 +0000 2019,{'starbucks'}
01-20-2019,SBUX,We need a Starbucks drive thru branch in Muharraq!,301,Sun Jan 20 21:14:56 +0000 2019,{'starbucks'}
01-20-2019,SBUX,#McDonalds &amp; #Starbucks need a line for people who have their act together.,20160,Sun Jan 20 21:15:26 +0000 2019,{'starbucks'}
01-20-2019,SBUX,I get excited about Starbucks,1671,Sun Jan 20 21:15:38 +0000 2019,{'starbucks'}
01-20-2019,SBUX,"Want a chance to win a Starbucks gift card? 

Like and Share this post to be entered! https://t.co/LR5ueR2OQ6",95,Sun Jan 20 21:17:05 +0000 2019,{'starbucks'}
01-20-2019,SBUX,Get yourself friends like @freeman_anaya and @taylor_joyy13 who Venmo you money and bring you venti Starbucks because they know things are rough and they want you to know you're loved üíõüíõüíõ,62,Sun Jan 20 21:17:57 +0000 2019,{'starbucks'}
01-20-2019,SBUX,Sitting at Starbucks and overheard a mom talking to young teenagers about politics and explaining to them the news so they can make decisions for themselves. This is a beautiful moment.,250,Sun Jan 20 21:18:06 +0000 2019,{'starbucks'}
01-20-2019,SBUX,"So I'm at Starbucks doing homework &amp; people listening &amp; this lady is hiring a baby sitter. She then told her that she is a Medical nurse practitioner &amp; her husband is a surgeon and I'm just like ""Ooo they got moneyyy"" https://t.co/UdQOiSs6Qu",90,Sun Jan 20 21:18:22 +0000 2019,{'starbucks'}
01-20-2019,SBUX,"Starbucks in council bluffs is officially CANCELLED , get some new baristas pls that know how to make drinks properly thanks",2280,Sun Jan 20 21:18:47 +0000 2019,{'starbucks'}
01-20-2019,SBUX,üôÑ drinking a iced sweet cream cold brew from Starbucks when it‚Äôs Antarctica outside,3628,Sun Jan 20 21:19:05 +0000 2019,{'starbucks'}
01-20-2019,SBUX,"Just because I'm curious, tweet your Starbucks order in the replies...

(mine is currently the cinnamon almond milk macchiato, and i LOVE it)",959,Sun Jan 20 21:19:48 +0000 2019,{'starbucks'}
01-20-2019,SBUX,When are people gonna be smart and realize why Starbucks always spells names wrong üßê,550,Sun Jan 20 21:19:48 +0000 2019,{'starbucks'}
01-20-2019,SBUX,"Currently, starbucks is playing music from the 50‚Äôs on a record player and I have never been so at peace in my life",164,Sun Jan 20 21:20:21 +0000 2019,{'starbucks'}
01-20-2019,SBUX,Starbucks Gift Card $50.00 Buy for $40.99 Free Shipping https://t.co/onsbwx35xw https://t.co/lzMxAmYl5V,630,Sun Jan 20 21:20:40 +0000 2019,{'starbucks'}
01-20-2019,SBUX,"Checkmate 

Starbucks 

Third Avenue &amp; East Fordham Road 

#thebronx #bronx #thebx #bx #boogiedownbronx #bronxbestshots #everydaybronx #fromthebronx #eastbronx #thirdave‚Ä¶ https://t.co/hgwczDvjxg",61,Sun Jan 20 21:20:54 +0000 2019,{'starbucks'}
01-20-2019,SBUX,Sitting in Starbucks judging everybody's winter storm-wear wardrobe choices.... and they are some CHOICES,148,Sun Jan 20 21:20:59 +0000 2019,{'starbucks'}
01-20-2019,SBUX,Coffee clash brewing in China: startup Luckin takes on¬†Starbucks https://t.co/0tMTUsoccE https://t.co/A4MTVJseUw,1761,Sun Jan 20 21:21:08 +0000 2019,{'starbucks'}
01-20-2019,SBUX,@Starbucks isn‚Äôt your staff supposed to suggest other items when the store is out of your request?,91,Sun Jan 20 21:21:41 +0000 2019,{'starbucks'}
01-20-2019,SBUX,"can somebody bring me starbucks to work? 

venti carmel macchiato w/ extra caramel drizzle plsss",1896,Sun Jan 20 21:22:11 +0000 2019,{'starbucks'}
01-20-2019,SBUX,andrea works at the starbucks near my moms work &amp; she just sent us all a picture of her giving my mom her drink üòÇ,393,Sun Jan 20 21:23:37 +0000 2019,{'starbucks'}
01-20-2019,SBUX,living in LA is driving 10 miles out of the way for starbucks drive thru,207503,Sun Jan 20 21:23:54 +0000 2019,{'starbucks'}
01-20-2019,SBUX,There‚Äôs like a Starbucks in every corner of NYC. ‚òïÔ∏è,326,Sun Jan 20 21:24:02 +0000 2019,{'starbucks'}
01-20-2019,SBUX,"Now that I‚Äôm thinking about it, my year(2018) would not have been as bad if @Starbucks brought back the Smore‚Äòs Frappuccino. #facts",139,Sun Jan 20 21:24:25 +0000 2019,{'starbucks'}
01-20-2019,SBUX,the day starbucks delivers is when i‚Äôll be fully white,209,Sun Jan 20 21:25:35 +0000 2019,{'starbucks'}
01-20-2019,SBUX,I added a video to a @YouTube playlist https://t.co/0th73tm0Gt Keto Diet Recipe - Starbucks Glazed Lemon Cake | Keto Babe Rocks,51,Sun Jan 20 21:26:00 +0000 2019,{'starbucks'}
01-20-2019,SBUX,"See our latest #Truckee, CA #Retail job opportunity and click the link in our bio to apply: barista - Store# 05228, TRUCKEE at Starbucks",313,Sun Jan 20 21:26:23 +0000 2019,{'starbucks'}
01-20-2019,SBUX,"Officially now one of those people who choose to go to Starbucks to study. Airpods, Macchiato‚Äôs, and all of that shit.",423,Sun Jan 20 21:27:01 +0000 2019,{'starbucks'}
01-20-2019,SBUX,Why do I crave Starbucks 24/7? üòÖüò´,276,Sun Jan 20 21:27:25 +0000 2019,{'starbucks'}
01-20-2019,SBUX,"Want to work at Starbucks? We're hiring in Los Angeles, CA! Click the link in our bio for details on this job and more: shift supervisor - Store# 49978, Sherman Way #Retail #Retail",490,Sun Jan 20 21:27:48 +0000 2019,{'starbucks'}
01-20-2019,SBUX,To whomever bought the LAST GRILLED CHEESE at Starbucks... FUCK YOU AND HAVE A BAD DAY &gt;:(,700,Sun Jan 20 21:28:36 +0000 2019,{'starbucks'}
01-20-2019,SBUX,#TakeCareMamaBear $50.00 Gift Card Giveaway To Either Starbucks or Dunkin Donuts (Your Choice) #giveaway #win https://t.co/s5klgJDsVC,144,Sun Jan 20 21:29:14 +0000 2019,{'starbucks'}
01-20-2019,SBUX,Sitting down I hear an extremely cringey first date-type conversation at Starbucks and I just can‚Äôt get my beats out fast enough.,213,Sun Jan 20 21:29:20 +0000 2019,{'starbucks'}
01-20-2019,SBUX,"[at starbucks]

chanyoung, thinking: grande iced caramel macchiato. grande iced caramel macchiato. grande iced caramel macchiato.

chanyoung, ordering: hey! could i get a griced-",308,Sun Jan 20 21:29:22 +0000 2019,{'starbucks'}
01-20-2019,SBUX,"#DumbSmokers Blowing your shit in the entrance area of Starbucks.

#WritersCommunity https://t.co/uBuZl1vJdl",3633,Sun Jan 20 21:29:24 +0000 2019,{'starbucks'}
01-20-2019,SBUX,"This shouldn't be that exciting to me but there is a little boy here at the @starbucks in Fremont who is carrying a doll with him. Hell yeah, normalize kids playing with whatever toys they want, regardless of #genderstereotypes",721,Sun Jan 20 21:29:52 +0000 2019,{'starbucks'}
01-20-2019,SBUX,People keep staring at me at Starbucks because I keep dancing to the music while writing my essay lmfaoo üíÄ,64,Sun Jan 20 21:30:52 +0000 2019,{'starbucks'}
01-20-2019,SBUX,Fuckin sleepy.   I need Starbucks but im not changing to go out,1266,Sun Jan 20 21:31:30 +0000 2019,{'starbucks'}
01-20-2019,SBUX,amaia dancing to bossy while putting on lip gloss waiting in da starbucks drive thru is a mood.,765,Sun Jan 20 21:31:59 +0000 2019,{'starbucks'}
01-20-2019,SBUX,@Starbucks super unhappy with my #VioletDrink ...more pale pink than violet and zero blackberries üò≠ https://t.co/K6xs6La89a,214,Sun Jan 20 21:32:41 +0000 2019,{'starbucks'}
01-20-2019,SBUX,"@Starbucks hey what are the hot drink lids made out of? It doesn‚Äôt feel like plastic, kind of has the texture of resume paper",343,Sun Jan 20 21:34:06 +0000 2019,{'starbucks'}
01-20-2019,SBUX,Teaching her to drive properly @Starbucks for first drive through experience! ‚òïÔ∏è https://t.co/b5GYuV1wNr,416,Sun Jan 20 21:35:09 +0000 2019,{'starbucks'}
01-20-2019,SBUX,i‚Äôve become addicted to starbucks and i feel ike i‚Äôm cheating on dre someone help,880,Sun Jan 20 21:35:46 +0000 2019,{'starbucks'}
01-20-2019,SBUX,I don‚Äôt often get attached to big corporations but I am truly sad that the @starbucks in Freehold is closing. I‚Äôve been coming here for 13 years and every‚Ä¶ https://t.co/3kLx0iZzFH,172,Sun Jan 20 21:35:54 +0000 2019,{'starbucks'}
01-20-2019,SBUX,#TakeCareMamaBear $50.00 Gift Card Giveaway To Either Starbucks or Dunkin Donuts (Your Choice) #giveaway #win https://t.co/UhvXB6qq3B,947,Sun Jan 20 21:37:16 +0000 2019,{'starbucks'}
01-20-2019,SBUX,"Afternoon Mocha &amp; football!! Spectacular! (@ Starbucks in Phoenix, AZ w/ @leophx @stooner) https://t.co/I8lpwIKwA2 https://t.co/yPFNq6vVwi",654,Sun Jan 20 21:37:39 +0000 2019,{'starbucks'}
01-20-2019,SBUX,let me love you and buy you Starbucks every morning ‚ù§Ô∏è,103,Sun Jan 20 21:37:48 +0000 2019,{'starbucks'}
01-20-2019,SBUX,I need Starbucks and like 5 naps. Maybe then my soul will come back,140,Sun Jan 20 21:38:04 +0000 2019,{'starbucks'}
01-20-2019,SBUX,"I want to go the Michoac√°na, Starbucks, or a√ßa√≠ bowl.",617,Sun Jan 20 21:38:27 +0000 2019,{'starbucks'}
01-20-2019,SBUX,Sitting in a Starbucks in Petaluma eating a breakfast sandwich thinking about how fun it is exploring new places and trying new things.,24401,Sun Jan 20 21:40:18 +0000 2019,{'starbucks'}
01-20-2019,SBUX,Come to @Starbucks to have a meeting and get some work done to find out that they have covered all  Power outlets no longer allowing customers to draw power. That's very unfortunate https://t.co/kAPPbH536h,92,Sun Jan 20 21:40:22 +0000 2019,{'starbucks'}
01-20-2019,SBUX,A little surreal conversation going on between #Starbucks employees about the wicked witch of the west...oh I'm in Kansas! @ Starbucks https://t.co/q8fgj0LXA6,191,Sun Jan 20 21:40:42 +0000 2019,{'starbucks'}
01-20-2019,SBUX,Snowy Sundays are for #genealogy and #chai. ‚òïÔ∏è @ Starbucks https://t.co/qJIuMWRmcX,3418,Sun Jan 20 21:42:12 +0000 2019,{'starbucks'}
01-20-2019,SBUX,My bfs friends are coming over to help my mom move out + bringing Starbucks üò≠,294,Sun Jan 20 21:43:19 +0000 2019,{'starbucks'}
01-20-2019,SBUX,Snowy Sundays are for #genealogy and #chai. ‚òïÔ∏è @ Starbucks https://t.co/bzXaMvG73K,3418,Sun Jan 20 21:43:28 +0000 2019,{'starbucks'}
01-20-2019,SBUX,"""Welcome to Starbucks""
""Thanks, you too""",170,Sun Jan 20 21:44:17 +0000 2019,{'starbucks'}
01-20-2019,SBUX,There‚Äôs literally only one place in the world that can make me u comfortable... and that is the inside of a Starbucks.,242,Sun Jan 20 21:44:27 +0000 2019,{'starbucks'}
01-20-2019,SBUX,"Join the Starbucks team! See our latest job opening here: https://t.co/EMKyYmywHK #Retail #Kelowna, BC",345,Sun Jan 20 21:45:10 +0000 2019,{'starbucks'}
01-20-2019,SBUX,"A tip for January for you ‚òï #coffeelover #latte #coffee #costa #starbucks #mcdonalds #greggs #hotdrink #hotchocolate #flavours #instacoffee #instadrinks #foodie #foodblog #swap #tasty 
https://t.co/SCXlawhOa2 https://t.co/No9P7ddmaz",656,Sun Jan 20 21:46:01 +0000 2019,{'starbucks'}
01-20-2019,SBUX,"I‚Äôd be on my way to financial freedom if Zara, Target, Starbucks, etc weren‚Äôt in walking distance of my apt. you name it &amp; im sure it‚Äôs keeping me from living a debt free life",647,Sun Jan 20 21:46:10 +0000 2019,{'starbucks'}
01-20-2019,SBUX,i love this starbucks so much i walk in and everyone says hi to me i am a real regular customer üíñüíñüíñ,321,Sun Jan 20 21:47:31 +0000 2019,{'starbucks'}
01-20-2019,SBUX,i hate starbucks but their  brownies slap,356,Sun Jan 20 21:48:24 +0000 2019,{'starbucks'}
01-20-2019,SBUX,"There‚Äôs a fella who comes into my local Starbucks on Sunday afternoons, he‚Äôs got to be at least 85. I think he‚Äôs a writer of some kind. Like clockwork he slams a 12-pack of Entenmann‚Äôs Variety Donuts and then leaves. Baller. üòé",463,Sun Jan 20 21:48:30 +0000 2019,{'starbucks'}
01-20-2019,SBUX,Fuel for my busy day. ‚Äî drinking Starbucks at Starbucks https://t.co/TePaldKWKw,414,Sun Jan 20 21:49:16 +0000 2019,{'starbucks'}
01-20-2019,SBUX,You might catch me at a Barnes &amp; Noble looking at books for 2 hours only to walk out with some Starbucks and a vinyl record.,362,Sun Jan 20 21:49:20 +0000 2019,{'starbucks'}
01-20-2019,SBUX,Went to the fanciest Starbucks in New York to confirm I do in fact still hate coffee. https://t.co/Lf1fXEpHHQ,122,Sun Jan 20 21:49:38 +0000 2019,{'starbucks'}
01-20-2019,SBUX,Check out #Starbucks 2014 Roastery Tasting Room Reserve Blue Black Tribal Coffee Mug 10oz   https://t.co/GppXR1Ootb via @eBay #ad,1600,Sun Jan 20 21:49:53 +0000 2019,{'starbucks'}
01-20-2019,SBUX,i‚Äôve gone to starbucks too often the past couple weeks,2975,Sun Jan 20 21:50:05 +0000 2019,{'starbucks'}
01-20-2019,SBUX,all those girls that had to let everyone know they could sing in middle school work at starbucks now,431,Sun Jan 20 21:50:11 +0000 2019,{'starbucks'}
01-20-2019,SBUX,"Current status: Hanging out at a Starbucks in Oak Park, listening to Weather Report's first album, turned up to 11.",2598,Sun Jan 20 21:50:17 +0000 2019,{'starbucks'}
