01-20-2019,TSLA,Elon Musk to the Young and Ambitious: Skills Matter More Than Degrees https://t.co/YzFEWfgu9M,1792,Sun Jan 20 19:16:58 +0000 2019,{'elon musk'}
01-20-2019,TSLA,"I crossed 5,000 followers this week! Thanks everyone for following, I enjoy the #Tesla Twitter community. I'll try not to beg too much for that mythical 5th referral to hopefully get invite to #ModelY launch. üòÅüöô",5002,Sun Jan 20 19:17:14 +0000 2019,{'tesla'}
01-20-2019,TSLA,"12 days before the @Tesla referral program ends. Use my code to get 6 months of free supercharging ‚ö°Ô∏è
https://t.co/hGPAqOqQst",261,Sun Jan 20 19:17:25 +0000 2019,{'tesla'}
01-20-2019,TSLA,just cut off a Tesla driver üòåüíÖüèΩ,1067,Sun Jan 20 19:17:32 +0000 2019,{'tesla'}
01-20-2019,TSLA,"Tesla and other BEV owners, do you source clean energy?",157,Sun Jan 20 19:17:35 +0000 2019,{'tesla'}
01-20-2019,TSLA,my car is basically a Tesla it beeps every now and then,1067,Sun Jan 20 19:18:11 +0000 2019,{'tesla'}
01-20-2019,TSLA,"Who needs a house when you have a Tesla, waves, and AirPods? We discovered the formula to life",219,Sun Jan 20 19:20:08 +0000 2019,{'tesla'}
01-20-2019,TSLA,"Tesla owns the EV market, outsells all other plug-ins combined in the fourth quarter race.  Last year, Tesla changed the game for plug-in and electric-car sales as it ramped up production of its relatively affordable Model 3 to almost 5,000 cars a week.
https://t.co/iRZ8DFj4aj",678,Sun Jan 20 19:20:22 +0000 2019,{'tesla'}
01-20-2019,TSLA,"Berkshire's lithium venture may supply U.S. automakers, including Tesla  https://t.co/qRp0tLNphR",2912,Sun Jan 20 19:21:15 +0000 2019,{'tesla'}
01-20-2019,TSLA,LabourStart US News: USA : Tesla Employee Claims It's Still Preventing Union Organising https://t.co/FGzvCuzxV2 https://t.co/ANfXSDbOWt,8012,Sun Jan 20 19:21:35 +0000 2019,{'tesla'}
01-20-2019,TSLA,"Everything Tesla Bloomberg - Are you a robot? https://t.co/nQ7GzA7WP1, see more https://t.co/3jtMhSNsFc",7252,Sun Jan 20 19:21:59 +0000 2019,{'tesla'}
01-20-2019,TSLA,Tesla patents Google Glass-like AR system for factory workers https://t.co/gl8XFS4Zl6,1568,Sun Jan 20 19:22:07 +0000 2019,{'tesla'}
01-20-2019,TSLA,"Great Competition for Electric cars 

Mercedes vs Tesla 

Fuel vs Electric 

First look inside the Electric Mercedes! - Should Tesla Be Worried? https://t.co/fTV0LuIzz4 via @YouTube",3877,Sun Jan 20 19:22:23 +0000 2019,{'tesla'}
01-20-2019,TSLA,"Berkshire's lithium venture may supply U.S. automakers, including Tesla: FT - https://t.co/4QNVJ1hBrU @techjollof",210,Sun Jan 20 19:22:43 +0000 2019,{'tesla'}
01-20-2019,TSLA,"4 Strategies to Supercharge Your Online Marketing https://t.co/tnhdNbTmJO
#BizBrandBuzz #biztips #FriscoTX #PlanoTX #McKinneyTX #AllenTX #ProsperTX #DallasTexas https://t.co/3KMc6mMUcd",179,Sun Jan 20 19:23:02 +0000 2019,{'supercharge'}
01-20-2019,TSLA,"2015 Tesla Model S P85D only $49,995 in Las Vegas, NV https://t.co/UYjOSKnKLg",53,Sun Jan 20 19:23:17 +0000 2019,"{'model s', 'tesla'}"
01-20-2019,TSLA,@elonmusk whe niggas gone be able to time travel in the Tesla‚Äôs?,99,Sun Jan 20 19:23:29 +0000 2019,{'tesla'}
01-20-2019,TSLA,"think of all the intellectual capital that has been wasted analyzing $TSLA over the past 18 months.... all for a stock that has neither gone up or down.  So far, everyone has been wrong. https://t.co/uYFOO7c4Ts",339,Sun Jan 20 19:24:06 +0000 2019,{'tsla'}
01-20-2019,TSLA,‚ÄúTesla Killers‚Äù Lookin‚Äô ‚Ä¶ Totally Tame ‚Äî CleanTechnica Sales Charts https://t.co/8LrWBOZYMM #Energy https://t.co/Jw5KBGGqOe,10719,Sun Jan 20 19:24:07 +0000 2019,{'tesla'}
01-20-2019,TSLA,The first transporter with Model 3 bound for Europe has made it to Panama and prepping to go through the canal. Photo from a source in Panama. https://t.co/MV8lLICZNX,9589,Sun Jan 20 19:24:54 +0000 2019,{'model 3'}
01-20-2019,TSLA,"Flint schools receive water stations, filtration systems from billionaire Elon Musk https://t.co/hay8JuTcOp",85,Sun Jan 20 19:24:56 +0000 2019,{'elon musk'}
01-20-2019,TSLA,"Berkshire's lithium venture may supply US automakers, including Tesla: FT https://t.co/UfR0lpDv3W https://t.co/8ajSisUD1q",90,Sun Jan 20 19:25:14 +0000 2019,{'tesla'}
01-20-2019,TSLA,"cleantechgroup: RT InsideEVs: Tesla Continues To Take More Risks, As Most OEMs Are Playing It Safe https://t.co/7oauVtbxHF",5636,Sun Jan 20 19:26:13 +0000 2019,{'tesla'}
01-20-2019,TSLA,@marc_benton Hey there. Do you have a list of all the upgrades/mods you‚Äôve made to your Model 3? Looks great.,76,Sun Jan 20 19:27:26 +0000 2019,{'model 3'}
01-20-2019,TSLA,"Panasonic looks beyond Tesla, signs Toyota partnership on electric car battery venture in 2020 https://t.co/mHmJ8dJF3s https://t.co/UlBhyq8pGg #tech #news https://t.co/UlBhyq8pGg",160,Sun Jan 20 19:27:33 +0000 2019,{'tesla'}
01-20-2019,TSLA,Prices for using Tesla Supercharging has just skyrocketed https://t.co/Ctfeyjo6BC,12082,Sun Jan 20 19:27:38 +0000 2019,{'tesla'}
01-20-2019,TSLA,$TSLA weekly chart.  Bullish or bearish LT? https://t.co/qxU5bIZ7F3,105,Sun Jan 20 19:27:47 +0000 2019,{'tsla'}
01-20-2019,TSLA,A drone video claims to show the first stages of construction on Tesla's Chinese factory https://t.co/pmM0gEyu5O,2325,Sun Jan 20 19:28:10 +0000 2019,{'tesla'}
01-20-2019,TSLA,"number one priority since years...Technology is king. Tesla, E-Autos und Robotaxis: BMW befindet sich in¬†‚ÄûTechnologie-Krieg‚Äú | Wirtschaft https://t.co/k1Lguxmafg",358,Sun Jan 20 19:29:26 +0000 2019,{'tesla'}
01-20-2019,TSLA,"i was wondering why Elon Musk was in such a rush to establish a colony on Mars, but now i get it",93,Sun Jan 20 19:29:43 +0000 2019,{'elon musk'}
01-20-2019,TSLA,"Berkshire's lithium venture may supply U‚Ä§S‚Ä§ automakers, including Tesla: FT https://t.co/uTXQzKpYIY",1416,Sun Jan 20 19:30:20 +0000 2019,{'tesla'}
01-20-2019,TSLA,"#ICYMI: @Tesla announces staff cuts. https://t.co/J0O9tGNO6E
#tesla",118,Sun Jan 20 19:31:13 +0000 2019,{'tesla'}
01-20-2019,TSLA,Elon Musk has backed himself into a corner with Tesla's most crucial car https://t.co/PjR9d9TmvT https://t.co/PjR9d9TmvT,6602,Sun Jan 20 19:32:22 +0000 2019,"{'elon musk', 'tesla'}"
01-20-2019,TSLA,Podcast Alert! Supercharge Your Brain‚Äôs Performance with Dr. Andrew Hill and Stephan Spencer on the Optimized Geek Podcast. You already know that your body needs regular exercise to stay fit and healthy. What about your #brain? Click for episode https://t.co/vojT2plIUe. #podcast https://t.co/AuvQOMOs6E,599,Sun Jan 20 19:33:45 +0000 2019,{'supercharge'}
01-20-2019,TSLA,Tesla's new batteries may be harder on the environment than you think | Vital Signs | The Guardian ‚Å¶@catoletters‚Å© ‚Å¶@DrMarkThornton‚Å©  https://t.co/uWB9S2q0ly,3893,Sun Jan 20 19:33:54 +0000 2019,{'tesla'}
01-20-2019,TSLA,Elon Musk and Azealia Banks set for court showdown https://t.co/sSjUuJReg1 https://t.co/fKwjhBSGXJ,6528,Sun Jan 20 19:34:11 +0000 2019,{'elon musk'}
01-20-2019,TSLA,@MrBoylan what was your final experience with the NY SmartCharge dongle in your Model 3?  It's been a couple of months now?,307,Sun Jan 20 19:34:17 +0000 2019,{'model 3'}
01-20-2019,TSLA,Tesla Model 3 Performance outruns 2018 Chevy Camaro SS in drag race duel https://t.co/TqLSoGbohY,1033,Sun Jan 20 19:35:14 +0000 2019,"{'tesla', 'model 3'}"
01-20-2019,TSLA,"Berkshire's lithium venture may supply U.S. automakers, including Tesla: FT https://t.co/fNb86trXTu",113380,Sun Jan 20 19:35:46 +0000 2019,{'tesla'}
01-20-2019,TSLA,"Some pics from yesterday's adventure!

Saw @SonicFox5000, a cute Zeraora named Tesla,  @TheRealAsswolf, and then a couple of cuties.

#FC2019 https://t.co/GBntoH7TpM",224,Sun Jan 20 19:35:55 +0000 2019,{'tesla'}
01-20-2019,TSLA,"Lord I know u hear my prayers, I didn‚Äôt get the sugar daddy I asked for yesterday but this man in a Tesla in front of me just paid for my Starbucks üòÇüòÇüòÇüòÇ",493,Sun Jan 20 19:38:55 +0000 2019,{'tesla'}
01-20-2019,TSLA,Elon Musk has reportedly reached out to other CEOs to ask about employees who might be ... https://t.co/GU0XQuWaNV,1674,Sun Jan 20 19:39:00 +0000 2019,{'elon musk'}
01-20-2019,TSLA,I liked a @YouTube video https://t.co/j1l6yGEJdh MYSTERY MAN FACE REVEAL (Mixing Minerals for Tesla &amp; Searching How To Find Project,153,Sun Jan 20 19:40:38 +0000 2019,{'tesla'}
01-20-2019,TSLA,"‚ÄúI feel like it was almost a bait-and-switch kind of deal,‚Äù said Tarman, who paid extra for the paint job and Tesla‚Äôs Autopilot...‚Äù

This should get more attention by the @FTC and @DOJPH 
$tsla
 https://t.co/hx3EmFFAXg",181,Sun Jan 20 19:41:21 +0000 2019,{'tesla'}
01-20-2019,TSLA,"Hey @elonmusk @Tesla my wife testing out the supercharger on our extended weekend drive, getting closer to buying one of these amazing vehicles!! https://t.co/lDODleKanw",176,Sun Jan 20 19:42:20 +0000 2019,"{'tesla', 'supercharge'}"
01-20-2019,TSLA,"Flint schools receive water stations, filtration systems from billionaire Elon Musk https://t.co/wooo49Gcc6",2596,Sun Jan 20 19:42:33 +0000 2019,{'elon musk'}
01-20-2019,TSLA,"Berkshire's lithium venture may supply U.S. automakers, including Tesla https://t.co/exV1WVlzHk via https://t.co/GFYh0vuD6c https://t.co/LsCKc1mPWg",2472,Sun Jan 20 19:43:07 +0000 2019,{'tesla'}
01-20-2019,TSLA,Yo when the fuck is Elon musk finna make a Gundam,1556,Sun Jan 20 19:43:08 +0000 2019,{'elon musk'}
01-20-2019,TSLA,"Berkshire‚Äôs lithium venture may supply U.S. automakers, including Tesla:¬†FT https://t.co/sghAFpvSlD",925,Sun Jan 20 19:44:22 +0000 2019,{'tesla'}
01-20-2019,TSLA,"The most powerful person? Billionaire Masayoshi Son - not Elon Musk, Jeff Bezos or Mark Zuckerberg - has the most audacious vision for an AI-powered utopia where machines control how we live. And he‚Äôs spending hundreds of billions of dollars to realize it. https://t.co/n6SFaK2JNA",2352,Sun Jan 20 19:45:32 +0000 2019,{'elon musk'}
01-20-2019,TSLA,"‚ÄúA couple of students in my school are Russian spies.‚Äù
‚ÄúElon Musk‚Äôs son goes to mine.‚Äù
‚ÄúIlluminati lizard people go to mine.‚Äù
#thingsMyStudentsSay",628,Sun Jan 20 19:46:34 +0000 2019,{'elon musk'}
01-20-2019,TSLA,Just saw a model x Tesla those things are dope,177,Sun Jan 20 19:47:10 +0000 2019,"{'model x', 'tesla'}"
01-20-2019,TSLA,How true is the Tesla gist about entering Nigerian energy market  ?,443,Sun Jan 20 19:47:36 +0000 2019,{'tesla'}
01-20-2019,TSLA,"As Tesla $Put $TSLA Stock Value Rose, Mkp Capital Management Has Increased Its Position; Prudential Financial Lowered Arrow Electrs $ARW Holding by $16.52 Million; Market Value Declined https://t.co/HjaotABM11",228,Sun Jan 20 19:47:48 +0000 2019,"{'tesla', 'tsla'}"
01-20-2019,TSLA,"$TSLA Electrek: How Tesla is taking over neighborhoods with solar energy.
https://t.co/6lbECLL0Tl

via @GoogleNews",259,Sun Jan 20 19:48:17 +0000 2019,"{'tesla', 'tsla'}"
01-20-2019,TSLA,My Tesla is a monster in the snow,487,Sun Jan 20 19:48:38 +0000 2019,{'tesla'}
01-20-2019,TSLA,"java: Supercharge chatbot and digital assistant development 

ewanslater ypoirier
#Chatbot #DigitalAssistant

https://t.co/ae6LsUrzq8",344,Sun Jan 20 19:49:13 +0000 2019,{'supercharge'}
01-20-2019,TSLA,Early investor defends #Tesla as shares tank: #Musk created 'the #iPhone of the electric-car market' https://t.co/7m7OAhR6dI https://t.co/nQ7ymArh13,873,Sun Jan 20 19:49:19 +0000 2019,{'tesla'}
01-20-2019,TSLA,"Supercharge chatbot and digital assistant development 

ewanslater ypoirier
#Chatbot #DigitalAssistant

https://t.co/P7AWPgP3rX Java",2985,Sun Jan 20 19:49:36 +0000 2019,{'supercharge'}
01-20-2019,TSLA,Tesla Doesn&amp;#8217;t Want GM Plants After All https://t.co/rdGyF1jIxm,1273,Sun Jan 20 19:50:31 +0000 2019,{'tesla'}
01-20-2019,TSLA,"Saved you a click but enjoy the laughs. ‚Äúthe Model 3 costs $68,000 to build ‚Äî Tesla would have to reduce its Model 3 cost by a whopping 61% to reach the $26,250 unit cost needed to earn a 25% gross margin on a $35,000 price.‚Äù üòÇ üòÇ üòÇ https://t.co/52inl2f4WV",2367,Sun Jan 20 19:51:13 +0000 2019,"{'tesla', 'model 3'}"
01-20-2019,TSLA,"Berkshire's lithium venture may supply U.S. automakers, including Tesla: FT Warren Buffett's Berkshire Hathaway Inc has signed an agreement to allow extraction of lithium from its geothermal wells in California, a project that could... https://t.co/2Lo1YKt4B5 #USRC #BusinessNews https://t.co/PWhp0jkV71",86275,Sun Jan 20 19:51:15 +0000 2019,{'tesla'}
01-20-2019,TSLA,"v0.0.3+1 of tesla released.

Tesla for Dart 

Control and monitor Tesla Products in Dart

#dartlang https://t.co/9DJdqY2z17",571,Sun Jan 20 19:51:18 +0000 2019,{'tesla'}
01-20-2019,TSLA,"RT java: Supercharge chatbot and digital assistant development 

ewanslater ypoirier
#Chatbot #DigitalAssistant

https://t.co/0OmRzZ7aJR",1877,Sun Jan 20 19:51:22 +0000 2019,{'supercharge'}
01-20-2019,TSLA,"Any1 who is an employee of @tesla that got paid in stock options, it is my opinion you should sell your stock ASAP before Elon Musk is forced into CHAPTER 11. i know most of you idiots dont believe me but you will see why when i have conviction I put my $ where my mouth is $TSLA",219,Sun Jan 20 19:51:34 +0000 2019,{'tesla'}
01-20-2019,TSLA,7 Indispensable Soft Skills You Must Hone To Supercharge Your Career https://t.co/nPiE2FCGt8 #blogs https://t.co/j9VkbuFa0j,19452,Sun Jan 20 19:52:05 +0000 2019,{'supercharge'}
01-20-2019,TSLA,"java: Supercharge chatbot and digital assistant development 

ewanslater ypoirier
#Chatbot #DigitalAssistant

https://t.co/EQsu7c7j5a",241,Sun Jan 20 19:52:12 +0000 2019,{'supercharge'}
01-20-2019,TSLA,Big Education Ape: Denver‚Äôs Portfolio Model School District Is a Failure! | tultican - https://t.co/HlxJudf0Wa https://t.co/qCCAwJ8ap7,8068,Sun Jan 20 19:52:18 +0000 2019,{'model s'}
01-20-2019,TSLA,@Tipsfromtia Supercharge your Streams https://t.co/jx9Cg5Iugh,701,Sun Jan 20 19:52:18 +0000 2019,{'supercharge'}
01-20-2019,TSLA,I liked a @YouTube video https://t.co/FcUZ8XaaPO MYSTERY MAN FACE REVEAL (Mixing Minerals for Tesla &amp; Searching How To Find Project,205,Sun Jan 20 19:52:25 +0000 2019,{'tesla'}
01-20-2019,TSLA,anyways elon musk is hot i volunteer to be his new egirl,82,Sun Jan 20 19:52:36 +0000 2019,{'elon musk'}
01-20-2019,TSLA,Elon musk chiefing a doink is up there,2276,Sun Jan 20 19:54:50 +0000 2019,{'elon musk'}
01-20-2019,TSLA,"Berkshire's lithium venture may supply U.S. automakers, including Tesla:¬†FT https://t.co/rVguQnKbGI",180,Sun Jan 20 19:55:49 +0000 2019,{'tesla'}
01-20-2019,TSLA,"java: Supercharge chatbot and digital assistant development 

ewanslater ypoirier
#Chatbot #DigitalAssistant

https://t.co/33lzOilJkk",561,Sun Jan 20 19:57:05 +0000 2019,{'supercharge'}
01-20-2019,TSLA,Aesthetically Tesla are the best cars by a mile,224,Sun Jan 20 19:57:18 +0000 2019,{'tesla'}
01-20-2019,TSLA,@IamCraigthe2nd Supercharge your Streams https://t.co/jx9Cg5Iugh,701,Sun Jan 20 19:57:21 +0000 2019,{'supercharge'}
01-20-2019,TSLA,"This is fucking GOLD! üòÇüòÇüòÇüòÇüòÇ
Elon Musk in Interstellar - parody mashup https://t.co/K305zfjPmC via @YouTube",1059,Sun Jan 20 19:57:42 +0000 2019,{'elon musk'}
01-20-2019,TSLA,"ICYMI: GM bullish on 2019 earnings, releases plans for its Cadillac brand to challenge Tesla in the growing electric vehicle market https://t.co/pm9Um7yjQB https://t.co/QOPlqPsyLy",2005715,Sun Jan 20 20:00:00 +0000 2019,{'tesla'}
01-20-2019,TSLA,"Berkshire's lithium venture may supply U‚Ä§S‚Ä§ automakers, including Tesla: FT https://t.co/B0TYoCWA9O",2730,Sun Jan 20 20:00:50 +0000 2019,{'tesla'}
01-20-2019,TSLA,@MigukMari Supercharge your Streams https://t.co/jx9Cg5Iugh,701,Sun Jan 20 20:02:23 +0000 2019,{'supercharge'}
01-20-2019,TSLA,"Leverage CHANGE to SUPERCHARGE your business.

https://t.co/eNf4OKYy9a

success #habits https://t.co/scUDFxzmCj",3939,Sun Jan 20 20:03:06 +0000 2019,{'supercharge'}
01-20-2019,TSLA,yo the tesla model X is fucking hideous,1188,Sun Jan 20 20:03:53 +0000 2019,"{'model x', 'tesla'}"
01-20-2019,TSLA,"#TeslaEnergy solved Australia blackout issues by supplying 100MW output, energy prices for on-grid fell 90% in 1st 4 months &amp; saved $35m for true #innovating #technology vs #Apple #reiterationOvation,no #innovation here
#Tesla

#innovate¬†#innovative¬†#tech¬†#geniusbar¬†#AppleStore https://t.co/5OUdiUOKMj",238,Sun Jan 20 20:04:46 +0000 2019,{'tesla'}
01-20-2019,TSLA,"Tesla to cut workforce by 7 percent, increase Model 3 production at lower¬†prices https://t.co/00hZk0lv15",9192,Sun Jan 20 20:06:06 +0000 2019,"{'tesla', 'model 3'}"
01-20-2019,TSLA,"Berkshire‚Äôs lithium venture may supply U.S. automakers, including Tesla¬†-FT https://t.co/aod5KNpZjU",925,Sun Jan 20 20:06:11 +0000 2019,{'tesla'}
01-20-2019,TSLA,Tesla lays off 3000 people amidst tough finances - https://t.co/73cMmNedrC #GoogleAlerts,1111,Sun Jan 20 20:06:33 +0000 2019,{'tesla'}
01-20-2019,TSLA,"Berkshire's lithium venture may supply U.S. automakers, including Tesla - FT https://t.co/nznfuFSbTe",2238,Sun Jan 20 20:06:59 +0000 2019,{'tesla'}
01-20-2019,TSLA,@GeekTheHot Supercharge your Streams https://t.co/jx9Cg5Iugh,701,Sun Jan 20 20:07:25 +0000 2019,{'supercharge'}
01-20-2019,TSLA,It‚Äôs interesting to see that the majority of $TSLA bulls are also liberals. I guess it makes sense though since both groups are gullible and hate fact checking,2320,Sun Jan 20 20:07:37 +0000 2019,{'tsla'}
01-20-2019,TSLA,2016: the year that people found out that Tesla teleportation had been achieved 50 years ago by DARPA and classified ever since .....,1707,Sun Jan 20 20:07:41 +0000 2019,{'tesla'}
01-20-2019,TSLA,But Brees soars a gorgeous 21 yarder like Tesla beaming from his grave to fly above the cities exuding pure energy for all to delight!,2003,Sun Jan 20 20:10:50 +0000 2019,{'tesla'}
01-20-2019,TSLA,I‚Äôm probably the only one who don‚Äôt like Tesla‚Äôs...,296,Sun Jan 20 20:11:55 +0000 2019,{'tesla'}
01-20-2019,TSLA,@Lilfamily45 Supercharge your Streams https://t.co/jx9Cg5Iugh,701,Sun Jan 20 20:12:28 +0000 2019,{'supercharge'}
01-20-2019,TSLA,missing shawn's jeep. Fuck the tesla,2312,Sun Jan 20 20:12:33 +0000 2019,{'tesla'}
01-20-2019,TSLA,Hey @ElectrekCo could you please make up your mind. Now which is it? $TSLA https://t.co/9Js3zvoYgn,260,Sun Jan 20 20:13:41 +0000 2019,{'tsla'}
01-20-2019,TSLA,"Panasonic looks beyond Tesla, signs Toyota partnership on electric car battery venture in 2020 https://t.co/h3MetGule6",339,Sun Jan 20 20:13:55 +0000 2019,{'tesla'}
01-20-2019,TSLA,@Dmelz825 Supercharge your Streams https://t.co/jx9Cg5Iugh,701,Sun Jan 20 20:14:08 +0000 2019,{'supercharge'}
01-20-2019,TSLA,"üö® Last reminder! Buy now your @getjeda for your @tesla Model 3 at https://t.co/RAMmjR0IEY and your order will be automatically upgraded to the v2.

Let‚Äôs get charging! https://t.co/CeuECemwwe",816,Sun Jan 20 20:14:14 +0000 2019,"{'tesla', 'model 3'}"
01-20-2019,TSLA,"1 to 4  trade alerts with 50% to 100% profit potential everyday, try our team https://t.co/SDMVXUyns2   $FB $NFLX $AMZN $LVS $TSLA $AAPL $GS",1017,Sun Jan 20 20:15:03 +0000 2019,{'tsla'}
01-20-2019,TSLA,"$2 million Supra? 
It's still slower than the slowest Tesla. 
#electric",1973,Sun Jan 20 20:15:43 +0000 2019,{'tesla'}
01-20-2019,TSLA,"Jermaine Fountain-Author,Investor,Entrepreneur, and Promotional Model shared a post.
Published by Jermaine Fountain ¬∑ January 17 at 1:46 PM ¬∑... https://t.co/LC8MiP8NW9",563,Sun Jan 20 20:16:18 +0000 2019,{'model s'}
01-20-2019,TSLA,"I am supremely impressed with the #Tesla Model 3 LED headlights and high beams. This makes me very happy. 

https://t.co/yOOCFMKhUh",153,Sun Jan 20 20:16:20 +0000 2019,"{'tesla', 'model 3'}"
01-20-2019,TSLA,Billionaire technopriest Elon Musk announces his greatest idea yet: haptic chemical weapons,88,Sun Jan 20 20:17:03 +0000 2019,{'elon musk'}
01-20-2019,TSLA,Unraveling a Tesla Mystery: Lots (and Lots) of Parked Cars https://t.co/xqqz151dpm,766,Sun Jan 20 20:17:11 +0000 2019,{'tesla'}
01-20-2019,TSLA,"üíØüååüì∞ -, 
.
.
.
.
.
#WeNotMeHHG #LoveIsAll #UniversalLaw #Inity #thatslaw #law #equality #triplebeam #balance #BalanceMatters #Scales @ Los Angeles, California https://t.co/T1lZEv52zu",1112,Sun Jan 20 20:17:43 +0000 2019,{'tsla'}
01-20-2019,TSLA,"why did they seize tesla's notes lol !?

govt so trife. im sure he was already apart of the ""grand"" scheme so why take the shit after he dies is my question ?!",546,Sun Jan 20 20:17:56 +0000 2019,{'tesla'}
01-20-2019,TSLA,I wanna pay my car off and get a Tesla ü§î,1349,Sun Jan 20 20:18:13 +0000 2019,{'tesla'}
01-20-2019,TSLA,"Tesla fail. Won't have many satisfied customers in Scotland if it stays like that. The boot has already put me right off, now this... https://t.co/tLNYQ1omm5",89,Sun Jan 20 20:18:17 +0000 2019,{'tesla'}
01-20-2019,TSLA,@47Supremacy Supercharge your Streams https://t.co/jx9Cg5Iugh,701,Sun Jan 20 20:20:51 +0000 2019,{'supercharge'}
01-20-2019,TSLA,@Only1Mixtapes Supercharge your Streams https://t.co/jx9Cg5Iugh,701,Sun Jan 20 20:22:32 +0000 2019,{'supercharge'}
01-20-2019,TSLA,2 Reasons To Sell Tesla: $920M And $26250 https://t.co/YTBTQ5UmAK,354,Sun Jan 20 20:23:17 +0000 2019,{'tesla'}
01-20-2019,TSLA,I have never heard of single person having a good experience working at Tesla.,813,Sun Jan 20 20:24:34 +0000 2019,{'tesla'}
01-20-2019,TSLA,"Tesla's Job Cuts: The Official And The Unofficial Story Behind It

https://t.co/dPlcI3rNCH",1107,Sun Jan 20 20:25:27 +0000 2019,{'tesla'}
01-20-2019,TSLA,A Tesla Road Trip Through Europe: Champagne Superchargers and Range Anxiety https://t.co/L8geYurtKZ via @bbgvisualdata,136,Sun Jan 20 20:25:49 +0000 2019,"{'tesla', 'supercharge'}"
01-20-2019,TSLA,Elon Musk donates $480K to Flint schools for UV water filtration systems https://t.co/BJS2mSr8qv,774,Sun Jan 20 20:27:24 +0000 2019,{'elon musk'}
01-20-2019,TSLA,"#Tesla dives, but analysts stay bullish: Job cuts signal 'productivity gains' https://t.co/aTp6xwxKFv https://t.co/hUB9tzP1Mk",873,Sun Jan 20 20:28:39 +0000 2019,{'tesla'}
01-20-2019,TSLA,Early investor defends #Tesla as shares tank: #Musk created 'the #iPhone of the electric-car market' https://t.co/7m7OAhR6dI https://t.co/Id4XV3uy8M,873,Sun Jan 20 20:29:00 +0000 2019,{'tesla'}
01-20-2019,TSLA,Tesla to cut 7 percent of workforce as road ahead looks very difficult - Silicon Valley  https://t.co/h6TY6aw22p,76,Sun Jan 20 20:29:04 +0000 2019,{'tesla'}
01-20-2019,TSLA,Investors betting against Tesla's stock have had 7 really good days. Here's what's behind them https://t.co/IG1q50gKQ6 https://t.co/txstyeJtIn,873,Sun Jan 20 20:29:52 +0000 2019,{'tesla'}
01-20-2019,TSLA,"ACTIVE TRADERS Try one of these FREE trading guides:

https://t.co/hkfF3vWjAD

$NFLX $TSLA $AAPL $PCLN $GS $FB $AMZN $GOOGL $NVDA",348,Sun Jan 20 20:30:09 +0000 2019,{'tsla'}
01-20-2019,TSLA,finally listen to the Elon Musk joe rogan podcast; im down for that underground LA tunnel,770,Sun Jan 20 20:30:23 +0000 2019,{'elon musk'}
01-20-2019,TSLA,Article Ric is reading: Elon Musk will give ¬£700000 to the person who can hack a Tesla - Motoring Research https://t.co/ZU1F1lEygl Ric‚Äôs website: https://t.co/nBmB0RRvTP Read Ric‚Äôs Invention book: https://t.co/FY2dOUY5sM https://t.co/aLr20H3XY7,630,Sun Jan 20 20:30:45 +0000 2019,"{'elon musk', 'tesla'}"
01-20-2019,TSLA,"Berkshire's lithium venture may supply U.S. automakers, including Tesla: FT https://t.co/Qhtuf5YsQe https://t.co/tzbMtPOHEW",112658,Sun Jan 20 20:30:48 +0000 2019,{'tesla'}
01-20-2019,TSLA,WATCH: STOP PROJECT ZORGO Takeover of MYSTERY BOX for Abandoned Tesla (Searching for Mysterious Caller) https://t.co/tZ8lRQGklL https://t.co/E3VhJ9e7n5,3014,Sun Jan 20 20:31:59 +0000 2019,{'tesla'}
01-20-2019,TSLA,@NoUgHtToSiXtY1 Supercharge your Streams https://t.co/jx9Cg5Iugh,701,Sun Jan 20 20:32:37 +0000 2019,{'supercharge'}
01-20-2019,TSLA,"Young Man Chooses LIVING in a TESLA with FREE ENERGY over High Rent Prices https://t.co/L0hHQ6XmCo 

pretty cool",5113,Sun Jan 20 20:33:24 +0000 2019,{'tesla'}
01-20-2019,TSLA,There are used Tesla‚Äôs selling for 50k üòç #keepdreaming #oneday,259,Sun Jan 20 20:33:32 +0000 2019,{'tesla'}
01-20-2019,TSLA,I liked a @YouTube video https://t.co/5tA2cq0qlr THE ULTIMATE HAM RADIO MOBILE Setup In a Tesla Model 3 - Amateur Radio,78,Sun Jan 20 20:34:08 +0000 2019,"{'tesla', 'model 3'}"
01-20-2019,TSLA,"Another burning death brings the number of $TSLA driving fatalities to 50

https://t.co/dooDKOGMYn",5313,Sun Jan 20 20:34:14 +0000 2019,{'tsla'}
01-20-2019,TSLA,Elon Musk's electric car company is in a tough spot. https://t.co/UQdhLxRjCd,414,Sun Jan 20 20:34:46 +0000 2019,{'elon musk'}
01-20-2019,TSLA,"The ‚Äúwe will be profitable and cash flow positive from here on out‚Äù story was the lie that $TSLA used to evade questions about the mystery of why they haven‚Äôt raised new capital. With that rationale gone, what‚Äôs the explanation now? #CRCL https://t.co/oAQGK6pfzn",173,Sun Jan 20 20:37:07 +0000 2019,{'tsla'}
01-20-2019,TSLA,"Tesla wants a Document Generation Specialist in Draper, UT: https://t.co/OuVq8Odfz7",692,Sun Jan 20 20:37:14 +0000 2019,{'tesla'}
01-20-2019,TSLA,@trey_3_times Supercharge your Streams https://t.co/jx9Cg5Iugh,701,Sun Jan 20 20:39:20 +0000 2019,{'supercharge'}
01-20-2019,TSLA,Tesla's (TSLA) Stock Plunge Causes Concern for Daunting March Debt Tranche Repayment - https://t.co/CWkv2VW6Dd #GoogleAlerts,1111,Sun Jan 20 20:40:04 +0000 2019,"{'tesla', 'tsla'}"
01-20-2019,TSLA,Opening Tesla Model 3 Trunk In Rain Is Not Advised: Video - https://t.co/mxo6N8eMM7 #GoogleAlerts,1111,Sun Jan 20 20:40:07 +0000 2019,"{'tesla', 'model 3'}"
01-20-2019,TSLA,"Tesla Continues To Take More Risks, As Most OEMs Are Playing It Safe https://t.co/Gx0CrW8K2F",978,Sun Jan 20 20:40:25 +0000 2019,{'tesla'}
01-20-2019,TSLA,Everything You Need To Know About The Tesla Powerwall 2 (2019 Edition) https://t.co/U3SIRynqBs via @cleantechnica,352,Sun Jan 20 20:41:33 +0000 2019,{'tesla'}
01-20-2019,TSLA,grimes really had a breakdown and started calling azealia banks fat over elon musk...over elon musk... can u imagine,209,Sun Jan 20 20:43:55 +0000 2019,{'elon musk'}
01-20-2019,TSLA,"I don‚Äôt know if this is true, but it looks like an interesting alternative to a Tesla 3 https://t.co/87eL2jzxx8",411,Sun Jan 20 20:43:59 +0000 2019,{'tesla'}
01-20-2019,TSLA,"Tesla, coming off a terrific 2018, announced this week it‚Äôs laying off 7 percent of its full-time staff and making other cuts to rein in costs https://t.co/XO7T4ojyD0",521,Sun Jan 20 20:44:30 +0000 2019,{'tesla'}
01-20-2019,TSLA,"I‚Äôm trading in my C AMG 63 for a Tesla next year , I want sum new",2647,Sun Jan 20 20:44:48 +0000 2019,{'tesla'}
01-20-2019,TSLA,"Thousands of Tesla customers still waiting for $35,000 Model 3 https://t.co/GlbUaGeSsP #breakingnews",30048,Sun Jan 20 20:44:50 +0000 2019,"{'tesla', 'model 3'}"
01-20-2019,TSLA,"RT: @reuters :.@davidshepardson is at the #DetroitAutoShow, where the electric car is on automakers' minds despite Tesla's absenc‚Ä¶ https://t",57203,Sun Jan 20 20:45:08 +0000 2019,{'tesla'}
01-20-2019,TSLA,Wish the center screen would specify which Supercharger stall to use when multiple cars are already charging. Having to plug in to find the rate of charge is below peak capacity sucks. @elonmusk @Tesla,162,Sun Jan 20 20:45:24 +0000 2019,{'supercharge'}
01-20-2019,TSLA,"Tesla, coming off a terrific 2018, announced this week it‚Äôs laying off 7 percent of its full-time staff and making other cuts to rein in costs https://t.co/iVKQK6eg2j",943,Sun Jan 20 20:46:22 +0000 2019,{'tesla'}
01-20-2019,TSLA,"Don‚Äôt confuse schooling with education; I dint go to Harvard, but people who work for me did‚ÄîElon Musk.",1441,Sun Jan 20 20:46:45 +0000 2019,{'elon musk'}
01-20-2019,TSLA,@DaChiefmusic Supercharge your Streams https://t.co/jx9Cg5Iugh,701,Sun Jan 20 20:47:43 +0000 2019,{'supercharge'}
01-20-2019,TSLA,"Tesla, coming off a terrific 2018, announced this week it‚Äôs laying off 7 percent of its full-time staff and making other cuts to rein in costs https://t.co/GYOqkczkuH",1055,Sun Jan 20 20:47:45 +0000 2019,{'tesla'}
01-20-2019,TSLA,Plot Twist: Elon Musk will use Boring Company to tunnel from his Tesla Factory to a cheaper source of undocumented labour.,111,Sun Jan 20 20:47:48 +0000 2019,"{'elon musk', 'tesla'}"
01-20-2019,TSLA,Mono Mind + Tesla M3 = best driving ever @PartyPleaser @monomindtweet  @Tesla https://t.co/ybtDG6Krqd,54,Sun Jan 20 20:48:27 +0000 2019,{'tesla'}
01-20-2019,TSLA,How small is a Tesla model 3? Mainly the backseat,361,Sun Jan 20 20:49:16 +0000 2019,"{'tesla', 'model 3'}"
01-20-2019,TSLA,More Bad News: Tesla Is About to Owe $920 Million in Debt https://t.co/Orj1o9giJp,13357,Sun Jan 20 20:49:37 +0000 2019,{'tesla'}
01-20-2019,TSLA,The History of #Tesla in 5 Minutes @elonmusk #MADEinUSA https://t.co/8eSaQW389u,576,Sun Jan 20 20:49:45 +0000 2019,{'tesla'}
01-20-2019,TSLA,Tesla vs ICE. There's still something to be said for the sound of a super car... https://t.co/VJTj2TTZzY #Tesla #McLaren #supercars üöòüèÅ,185,Sun Jan 20 20:50:06 +0000 2019,{'tesla'}
01-20-2019,TSLA,"Looking to bring down the prices of its cars, especially the #teslamodel3 ,(NASDAQ:#TSLA) is shooting for more cost cuts. https://t.co/28uklqU7GM ‚Ä¶ Yes the coffin on wheels kind puts things into perspective. Can we say #DeathTrap",394,Sun Jan 20 20:50:51 +0000 2019,"{'tesla', 'tsla'}"
01-20-2019,TSLA,@elonmusk @Tesla I can only assume the pressures you are under.  That being said the increase in charging rates is disappointing.  During winter travel I might as well park my model 3. Charging by the minute in the winter at these new rates is at parity with a gas vehicle. #tesla,58,Sun Jan 20 20:51:20 +0000 2019,{'tesla'}
01-20-2019,TSLA,This Tesla Model S Owner Repairs His Own Car https://t.co/xo14K1dAco via @YouTube,1033,Sun Jan 20 20:52:19 +0000 2019,"{'model s', 'tesla'}"
01-20-2019,TSLA,"Yup. üíõüåçüíúüåçüß° Great news that cannot be repeated often enough: against all odds (at least in #tslaq‚Äôs fantasy), #Tesla Gets Green Light to Start Delivering #Model3 in Europe #TeslaEurope  https://t.co/2q2nT9bsEm",1323,Sun Jan 20 20:52:35 +0000 2019,"{'tesla', 'tsla'}"
01-20-2019,TSLA,The latest Autopartstomorrow Today! https://t.co/5pMfzJSbJS Thanks to @Tesla @mecum @Rally_America #carscoops #junkyardgem,14227,Sun Jan 20 20:53:08 +0000 2019,{'tesla'}
01-20-2019,TSLA,"Tesla has $920 million in debt that's coming due, could affect cash.
$TSLA (Q) https://t.co/SsG9yLE4uT",317,Sun Jan 20 20:53:16 +0000 2019,"{'tesla', 'tsla'}"
01-20-2019,TSLA,@_SocialBuzz Supercharge your Streams https://t.co/jx9Cg5Iugh,701,Sun Jan 20 20:54:27 +0000 2019,{'supercharge'}
01-20-2019,TSLA,@GoodMusicOnly9 Supercharge your Streams https://t.co/jx9Cg5Iugh,701,Sun Jan 20 20:56:07 +0000 2019,{'supercharge'}
01-20-2019,TSLA,Looking for the best agency to transport @TeslaModel3 from east coast to west without damage. Most of the reviews look unpromising. Suggestions? @Tesla #Tesla #transport,505,Sun Jan 20 20:56:22 +0000 2019,{'tesla'}
01-20-2019,TSLA,#cashslave #paypig #master #cashmaster #socks #feet #soles #cashslave #worshipfeet #feetslave #humanatm https://t.co/VqPb3z4cx2,231,Sun Jan 20 20:56:25 +0000 2019,{'tsla'}
01-20-2019,TSLA,@saidercan Supercharge your Streams https://t.co/jx9Cg5Iugh,701,Sun Jan 20 20:57:48 +0000 2019,{'supercharge'}
01-20-2019,TSLA,I liked a @YouTube video https://t.co/A9DnW9CMvs Elon Musk | Philosophy Tube,190,Sun Jan 20 20:58:15 +0000 2019,{'elon musk'}
01-20-2019,TSLA,Prices for using Tesla Supercharging has just skyrocketed https://t.co/I8VCqmiDNZ #News,4079,Sun Jan 20 20:59:42 +0000 2019,{'tesla'}
01-20-2019,TSLA,Tesla's Cost-Cutting Layoffs and More This Week in Car News https://t.co/4twW2T6yVx,70,Sun Jan 20 21:00:04 +0000 2019,{'tesla'}
01-20-2019,TSLA,"Not sure this really qualifies as a #SGFReport but I stopped by the $TSLAQ store at Yorkdale mall. For those who don‚Äôt know, Yorkdale is a large high end mall in Toronto. Probably the highest end in Canada. And they have a Tesla store. I popped by today to take a look around.",140,Sun Jan 20 21:00:04 +0000 2019,{'tsla'}
01-20-2019,TSLA,Elon Musk is a white South African so it should come as no surprise he‚Äôs racist,2451,Sun Jan 20 21:00:19 +0000 2019,{'elon musk'}
01-20-2019,TSLA,Tesla Model 3 Already with new Battery What!: https://t.co/nCbn2ETL1W via @YouTube,53,Sun Jan 20 21:00:20 +0000 2019,"{'tesla', 'model 3'}"
01-20-2019,TSLA,Elon Musk Tesla email to employees about job cuts https://t.co/abBUt3Kado,817,Sun Jan 20 21:01:09 +0000 2019,"{'elon musk', 'tesla'}"
01-20-2019,TSLA,"Great post on Dems, Fusion GPS, Soros &amp; Facebook Links by Mensa_Max in UFOs - Davinci - Tesla - PreAdamites https://t.co/Dv7evODjtN #DelphiForums",16755,Sun Jan 20 21:02:10 +0000 2019,{'tesla'}
01-20-2019,TSLA,@ankarayazifilm Supercharge your Streams https://t.co/jx9Cg5Iugh,701,Sun Jan 20 21:02:50 +0000 2019,{'supercharge'}
01-20-2019,TSLA,@alloneart Supercharge your Streams https://t.co/jx9Cg5Iugh,701,Sun Jan 20 21:04:31 +0000 2019,{'supercharge'}
01-20-2019,TSLA,Tesla Model 3 vs. Honda Accord ... Flying Tesla Roadster ... Tesla 75D Vehicles vs. Supercharging V3 ‚Äî #CleanTechnica Top 20 - CleanTechnica https://t.co/cG1BnMZrcw via @GoogleNews,285,Sun Jan 20 21:06:12 +0000 2019,"{'tesla', 'model 3'}"
01-20-2019,TSLA,3D Model STL Models for CNC Router 3D Printer Artcam Vetric aspire...183: $1.75 End Date‚Ä¶ https://t.co/ARJQw1UiiX,1166,Sun Jan 20 21:06:30 +0000 2019,{'model s'}
01-20-2019,TSLA,Video Shows Tesla Autopilot Getting Smarter Over the Course of 3 Months https://t.co/7QRsPyTCvQ,1442,Sun Jan 20 21:06:38 +0000 2019,{'tesla'}
01-20-2019,TSLA,"Mexico is in dire need of @Tesla technology! #tsla
https://t.co/T4u9DB4wtm",128,Sun Jan 20 21:07:15 +0000 2019,"{'tesla', 'tsla'}"
01-20-2019,TSLA,I was really excited about this @Tesla test drive until a very pushy salesman called me. I‚Äôm guessing the industry isn‚Äôt revolutionized after all.,146,Sun Jan 20 21:07:36 +0000 2019,{'tesla'}
01-20-2019,TSLA,"#Tesla dives, but analysts stay bullish: Job cuts signal 'productivity gains' https://t.co/aTp6xwxKFv https://t.co/KeeIXW0NHr",873,Sun Jan 20 21:08:39 +0000 2019,{'tesla'}
01-20-2019,TSLA,Early investor defends #Tesla as shares tank: #Musk created 'the #iPhone of the electric-car market' https://t.co/7m7OAhR6dI https://t.co/rRpXCHYZjs,873,Sun Jan 20 21:09:00 +0000 2019,{'tesla'}
01-20-2019,TSLA,Investors betting against Tesla's stock have had 7 really good days. Here's what's behind them https://t.co/IG1q50gKQ6 https://t.co/8H8tMdjcJx,873,Sun Jan 20 21:09:52 +0000 2019,{'tesla'}
01-20-2019,TSLA,"Tesla to cut more than 3,000 jobs because cars 'still too expensive' | Technology https://t.co/ckXlXWFMUk",1657,Sun Jan 20 21:10:11 +0000 2019,{'tesla'}
01-20-2019,TSLA,News: Jay Nemor &amp; Electrified - Mother Got A Way - Tesla Groove Records #northernsoul #soul @soulsourcenews https://t.co/IcvJbG5yFd,4979,Sun Jan 20 21:10:26 +0000 2019,{'tesla'}
01-20-2019,TSLA,Jay Nemor &amp; Electrified - Mother Got A Way - Tesla Groove Records #northernsoul #soul @soulsourcenews https://t.co/MeN4sltsqO,4979,Sun Jan 20 21:10:47 +0000 2019,{'tesla'}
01-20-2019,TSLA,"@elonmusk, what‚Äôs the latest update on Teslaquila? $TSLA",264,Sun Jan 20 21:11:46 +0000 2019,"{'tesla', 'tsla'}"
01-20-2019,TSLA,i‚Äôm too poor to be sitting in this tesla rn,354,Sun Jan 20 21:12:40 +0000 2019,{'tesla'}
01-20-2019,TSLA,@myrickthe1 Supercharge your Streams https://t.co/jx9Cg5Iugh,701,Sun Jan 20 21:12:55 +0000 2019,{'supercharge'}
01-20-2019,TSLA,Nice job @Tesla - apparently you laid off literally the ONLY store rep in my area who really cared and went the extra mile to help customers with model 3 orders in December. Sigh... @elonmusk,175,Sun Jan 20 21:14:05 +0000 2019,{'tesla'}
01-20-2019,TSLA,Solar News Links ‚ÄúHow Tesla is taking over neighborhoods with solar energy - Electrek https://t.co/M2y4T9ij2M,5565,Sun Jan 20 21:14:20 +0000 2019,{'tesla'}
01-20-2019,TSLA,"we saw a tesla in la and my brother said ""david dobrik""

basically his impact+my family's power&gt;&gt;&gt;&gt;&gt;",1084,Sun Jan 20 21:15:07 +0000 2019,{'tesla'}
01-20-2019,TSLA,Think ima go test drive a Tesla real soon üòç,395,Sun Jan 20 21:15:25 +0000 2019,{'tesla'}
01-20-2019,TSLA,#FuzzyMath #KathyHochul #Tesla should be renamed #BuffaloBillions unaccounted for and mismanaged.  Never met it's original quota. BTW losing those 50 #Jobs isn't #Healthy 4 #BuffaloNy #NateBoyd #CommunityActivist absolutely correct #RightOn only thing to stop a #Bullet is a #Job https://t.co/wKzIasjgfN,2491,Sun Jan 20 21:17:55 +0000 2019,{'tesla'}
01-20-2019,TSLA,I liked a @YouTube video https://t.co/Dm6fXlcxCT I Traded My Tesla For The Model 3 Performance - Regret Buying Mid-Range,122,Sun Jan 20 21:18:44 +0000 2019,"{'tesla', 'model 3'}"
01-20-2019,TSLA,Finally own a @Tesla... @elonmusk üòâ https://t.co/O8EsdSfCHc,513,Sun Jan 20 21:19:41 +0000 2019,{'tesla'}
01-20-2019,TSLA,Now Playing:  #Tesla - Little Suzi - On Retro Express,55,Sun Jan 20 21:19:58 +0000 2019,{'tesla'}
01-20-2019,TSLA,Joe Rogan Experience - Elon Musk #Tesla #Rogan https://t.co/C62oK0RIj9 #philosophy #science #technology #video #world || #Psyched||#Rehashed,89,Sun Jan 20 21:20:00 +0000 2019,"{'elon musk', 'tesla'}"
01-20-2019,TSLA,how you have a tesla and still park like shit,769,Sun Jan 20 21:20:03 +0000 2019,{'tesla'}
01-20-2019,TSLA,"@elonmusk Do you really need the $1,000 from my Model 3 #TeslaRefund (promised 120 days ago) to finance @tesla? The money is already mine. It's not yours. It's not stock. And it's not an interest-free loan. Please send me MY money now. (This is my 10th request.)",33761,Sun Jan 20 21:20:38 +0000 2019,"{'tesla', 'model 3'}"
01-20-2019,TSLA,"Berkshire's lithium venture may supply U.S. automakers, including Tesla: FT https://t.co/LQFUlQzol6",1701,Sun Jan 20 21:20:57 +0000 2019,{'tesla'}
01-20-2019,TSLA,"$TSLA - My fav for this week. Will it touch median pitchfork around 290 and then 278 or cloud bottom 313 , then 316 and 332 next week.
Earnings on 02/05.  Guess it is double inside bar on friday @TrueBubbleHead https://t.co/vLb49SBFoF",112,Sun Jan 20 21:21:58 +0000 2019,{'tsla'}
01-20-2019,TSLA,"Tesla Powerwall gets a massive boost in Australia with ~%50 subsidy for up to 40,000 homes https://t.co/3yAT7xB8js #tesla",1396,Sun Jan 20 21:22:19 +0000 2019,{'tesla'}
01-20-2019,TSLA,"Tesla Powerwall gets a massive boost in Australia with ~50% subsidy for up to 40,000 homes https://t.co/3yAT7xB8js",1396,Sun Jan 20 21:22:24 +0000 2019,{'tesla'}
01-20-2019,TSLA,@PTrain7 Supercharge your Streams https://t.co/jx9Cg5Iugh,701,Sun Jan 20 21:23:01 +0000 2019,{'supercharge'}
01-20-2019,TSLA,"Remember that tweet about elon musk and grimes sexting and musk saying ""tonguepunch your delectable twatterino"" because it haunts me to this day",1152,Sun Jan 20 21:23:43 +0000 2019,{'elon musk'}
01-20-2019,TSLA,@Trill_Picasso Supercharge your Streams https://t.co/jx9Cg5Iugh,701,Sun Jan 20 21:24:41 +0000 2019,{'supercharge'}
01-20-2019,TSLA,Tesla's Cost-Cutting Layoffs and More This Week in Car News https://t.co/bNtWmrL61y,644,Sun Jan 20 21:26:52 +0000 2019,{'tesla'}
01-20-2019,TSLA,Tesla on the way.,56,Sun Jan 20 21:26:54 +0000 2019,{'tesla'}
01-20-2019,TSLA,Denver‚Äôs Portfolio Model School District Is a Failure! https://t.co/3ltrrG8y5c via @wordpressdotcom,1217,Sun Jan 20 21:28:23 +0000 2019,{'model s'}
01-20-2019,TSLA,‚ÄúTesla Killers‚Äù Lookin‚Äô ‚Ä¶ Totally Tame ‚Äî CleanTechnica Sales Charts https://t.co/e3IAjSRkLl,5390,Sun Jan 20 21:29:44 +0000 2019,{'tesla'}
01-20-2019,TSLA,2018 wasn‚Äôt a good year for the electric vehicle and battery industry at all. Read Elon Musk's Letter to Tesla Employees Explaining Recent Swing of Layoffs https://t.co/pMUb9p1mYF,359,Sun Jan 20 21:29:53 +0000 2019,"{'elon musk', 'tesla'}"
01-20-2019,TSLA,"ACTIVE TRADERS Try one of these FREE trading guides:

https://t.co/PTaSGvANoR

$NFLX $TSLA $AAPL $BIDU $GS $FB $AMZN $GOOGL $NVDA",348,Sun Jan 20 21:30:07 +0000 2019,{'tsla'}
01-20-2019,TSLA,@enigmatiika Supercharge your Streams https://t.co/jx9Cg5Iugh,701,Sun Jan 20 21:31:24 +0000 2019,{'supercharge'}
01-20-2019,TSLA,"it‚Äôs January 20, 2019. I was just driving behind a model 3 with temporary tags that expired on December 14, 2018 $tsla #explaintheVINS",540,Sun Jan 20 21:31:31 +0000 2019,"{'tsla', 'model 3'}"
01-20-2019,TSLA,@BigTonyMusic_ Supercharge your Streams https://t.co/jx9Cg5Iugh,701,Sun Jan 20 21:33:05 +0000 2019,{'supercharge'}
01-20-2019,TSLA,How can you supercharge your #confidence game in one simple step? https://t.co/vOT9sTcM11 @HuffPost #trust,2027,Sun Jan 20 21:33:18 +0000 2019,{'supercharge'}
01-20-2019,TSLA,@StephenFenech are you trading your Model S for the I-Pace? Allegedly the Jaguar is a far better car according to Trevor ‚ÄúShort‚Äô. üòÇ No question.,534,Sun Jan 20 21:33:45 +0000 2019,{'model s'}
01-20-2019,TSLA,I added a video to a @YouTube playlist https://t.co/QpT63Cwc4I The Rogue Tesla Mechanic Resurrecting Salvaged Cars,205,Sun Jan 20 21:36:42 +0000 2019,{'tesla'}
01-20-2019,TSLA,My life goal is to drive a Tesla in red bottoms,278,Sun Jan 20 21:36:43 +0000 2019,{'tesla'}
01-20-2019,TSLA,"You might want to give our friend charliebirdies a follow so you can keep up with this amazing remodel she and her husband have done to a cabin at Lake Oconee, Georgia. And the best part‚Ä¶ https://t.co/nqlESf6bFI",236,Sun Jan 20 21:37:13 +0000 2019,{'model s'}
01-20-2019,TSLA,Tesla to cut 7% of workforce amid tough profit¬†outlook https://t.co/zf1d2MzCJy,23558,Sun Jan 20 21:37:21 +0000 2019,{'tesla'}
01-20-2019,TSLA,Tesla raised prices at its Supercharger stations https://t.co/FN2yvBfcTd https://t.co/cYZ4LZ7BOE,2484335,Sun Jan 20 21:37:45 +0000 2019,"{'tesla', 'supercharge'}"
01-20-2019,TSLA,"People: I don‚Äôt get the fuss, a Tesla isn‚Äôt even expensive, it‚Äôs the same price as a Fortuner. 

Me to me:
Don‚Äôt say it
Don‚Äôt say it
Don‚Äôt say it
Don‚Äôt say it
Don‚Äôt say it
Don‚Äôt say it
Don‚Äôt say it
Don‚Äôt say it
Don‚Äôt say it
Don‚Äôt say it
Don‚Äôt say it

Me: Where is your Tesla? üßê",2365,Sun Jan 20 21:38:14 +0000 2019,{'tesla'}
01-20-2019,TSLA,@lucedelsolb Supercharge your Streams https://t.co/jx9Cg5Iugh,701,Sun Jan 20 21:39:48 +0000 2019,{'supercharge'}
01-20-2019,TSLA,"Tesla raised prices at its Supercharger stations: Tesla drivers will have to spend a little more at the charger. The electric automaker has raised prices at its Supercharger stations, according to Electrek‚Ä¶ https://t.co/XVGVL66Rd6 #TheResistance #ImpeachTrump #NotMyPresident https://t.co/W5JgTGaotx",11929,Sun Jan 20 21:40:09 +0000 2019,"{'tesla', 'supercharge'}"
01-20-2019,TSLA,Need me a Tesla. I‚Äôm so tired of paying for gas,1447,Sun Jan 20 21:40:39 +0000 2019,{'tesla'}
01-20-2019,TSLA,Tesla raised prices at its Supercharger stations,750,Sun Jan 20 21:40:42 +0000 2019,"{'tesla', 'supercharge'}"
01-20-2019,TSLA,Tesla raised prices at its Supercharger stations  https://t.co/CyPluMGv1m https://t.co/O3X10QH4NN,55,Sun Jan 20 21:41:08 +0000 2019,"{'tesla', 'supercharge'}"
01-20-2019,TSLA,@LinSivn Supercharge your Streams https://t.co/jx9Cg5Iugh,701,Sun Jan 20 21:41:29 +0000 2019,{'supercharge'}
01-20-2019,TSLA,check out my first post on my new model scout page. https://t.co/Kwr8RU3bqS https://t.co/ng8otIvWoj,1548,Sun Jan 20 21:41:56 +0000 2019,{'model s'}
01-20-2019,TSLA,30 Nasty Tesla Charts https://t.co/u8QO1Py1Sh #wuwei #today #best #news #daily #feed,2099,Sun Jan 20 21:42:00 +0000 2019,{'tesla'}
01-20-2019,TSLA,Tesla raised prices at its Supercharger stations https://t.co/Y0nUo4cbVI https://t.co/TZa7you7Hh,2068,Sun Jan 20 21:42:22 +0000 2019,"{'tesla', 'supercharge'}"
01-20-2019,TSLA,"#Tesla Cuts Workforce, Sending Stock Plummeting: https://t.co/3HDDAFdz9x",270,Sun Jan 20 21:44:34 +0000 2019,{'tesla'}
01-20-2019,TSLA,30 Nasty Tesla Charts https://t.co/u80mBd0FIC https://t.co/ZpSszMI0rQ,24951,Sun Jan 20 21:44:39 +0000 2019,{'tesla'}
01-20-2019,TSLA,Tesla raised prices at its Supercharger stations  https://t.co/hXLKUXGlo9,918,Sun Jan 20 21:45:32 +0000 2019,"{'tesla', 'supercharge'}"
01-20-2019,TSLA,Tesla raised prices at its Supercharger stations https://t.co/3YK6gMtR2z,1128,Sun Jan 20 21:45:39 +0000 2019,"{'tesla', 'supercharge'}"
01-20-2019,TSLA,Need a Tesla in my life,172,Sun Jan 20 21:46:46 +0000 2019,{'tesla'}
01-20-2019,TSLA,I‚Äôve seem 10 Tesla‚Äôs in the past 20 minutes I‚Äôm literally trash and broke,922,Sun Jan 20 21:47:40 +0000 2019,{'tesla'}
01-20-2019,TSLA,"Tesla raised prices at its Supercharger stations
https://t.co/p2mvTUlujR
+1 TechBot #tech",2657,Sun Jan 20 21:47:45 +0000 2019,"{'tesla', 'supercharge'}"
01-20-2019,TSLA,"#Tesla dives, but analysts stay bullish: Job cuts signal 'productivity gains' https://t.co/aTp6xwxKFv https://t.co/pxi7zIxrFY",873,Sun Jan 20 21:48:02 +0000 2019,{'tesla'}
01-20-2019,TSLA,Early investor defends #Tesla as shares tank: #Musk created 'the #iPhone of the electric-car market' https://t.co/7m7OAhR6dI https://t.co/qMr9WCcbta,873,Sun Jan 20 21:48:23 +0000 2019,{'tesla'}
01-20-2019,TSLA,Tesla raised prices at its Supercharger stations https://t.co/mt9AyD2Wkv,1295,Sun Jan 20 21:48:26 +0000 2019,"{'tesla', 'supercharge'}"
01-20-2019,TSLA,#Tesla has $920 million in debt that's coming due ‚Äî and it could wipe out a large chunk of its cash https://t.co/TDI4f7fBJ8 https://t.co/38xdK7rT1B,873,Sun Jan 20 21:48:33 +0000 2019,{'tesla'}
01-20-2019,TSLA,"Tesla drivers will have to spend a little more at the charger. The electric automaker has raised prices at its Supercharger stations, according to Electrek (via Engadget), after implementing a... https://t.co/Onu9Yj7IkM",3814,Sun Jan 20 21:48:45 +0000 2019,{'tesla'}
01-20-2019,TSLA,Bout to see what this Tesla doc hitting on,3447,Sun Jan 20 21:48:46 +0000 2019,{'tesla'}
01-20-2019,TSLA,Investors betting against Tesla's stock have had 7 really good days. Here's what's behind them https://t.co/IG1q50gKQ6 https://t.co/kXdEE8FG0S,873,Sun Jan 20 21:49:15 +0000 2019,{'tesla'}
01-20-2019,TSLA,@DonJuanII Supercharge your Streams https://t.co/jx9Cg5Iugh,701,Sun Jan 20 21:49:53 +0000 2019,{'supercharge'}
01-20-2019,TSLA,Tesla raised prices at its Supercharger stations https://t.co/xw2FAjHWY3,412,Sun Jan 20 21:50:02 +0000 2019,"{'tesla', 'supercharge'}"
